Date,Temperature minimale,Temperature maximale,Temperature moyenne,Precipitation totale,Dir_wind,Mod_wind
2014-02-01,-4.6,0.9,-1.5,0.0,244.0,4.0
2014-02-02,-6.2,0.2,-3.5,0.0,163.0,2.0
2014-02-03,-4.8,0.5,-1.2,0.0,255.0,3.0
2014-02-04,-9.9,-4.8,-8.0,0.0,148.0,2.0
2014-02-05,-9.9,-6.3,-7.6,0.0,261.0,2.0
2014-02-06,-12.8,-6.4,-9.0,0.0,123.0,3.0
2014-02-07,-15.7,-8.7,-12.6,0.0,252.0,3.0
2014-02-08,-10.4,-7.6,-8.7,0.0,248.0,4.0
2014-02-09,-11.7,-6.4,-8.9,0.0,259.0,4.0
2014-02-10,-10.9,-7.4,-8.7,0.0,127.0,2.0
2014-02-11,-11.0,-6.8,-9.1,0.0,272.0,2.0
2014-02-12,-15.8,-10.9,-13.2,0.0,278.0,3.0
2014-02-13,-15.9,-9.0,-12.7,0.0,147.0,2.0
2014-02-14,-13.4,-5.5,-8.5,0.0,123.0,3.0
2014-02-15,-6.1,-3.0,-4.4,0.0,234.0,5.0
2014-02-16,-8.4,-4.4,-6.4,0.0,180.0,2.0
2014-02-17,-14.2,-7.6,-11.1,0.0,279.0,5.0
2014-02-18,-15.3,-9.2,-12.1,0.0,253.0,3.0
2014-02-19,-15.8,-3.2,-9.7,0.0,111.0,2.0
2014-02-20,-5.3,1.8,-1.4,0.0,173.0,4.0
2014-02-21,-2.4,3.4,0.6,0.0,220.0,3.0
2014-02-22,-0.5,4.6,2.0,0.0,140.0,3.0
2014-02-23,-0.3,6.6,3.1,0.0,241.0,4.0
2014-02-24,-3.4,1.6,-0.5,0.0,254.0,4.0
2014-02-25,-10.1,-3.4,-7.6,0.0,279.0,5.0
2014-02-26,-12.4,-9.2,-10.7,0.0,277.0,3.0
2014-02-27,-13.1,-9.9,-11.1,0.0,226.0,4.0
2014-02-28,-13.8,-7.2,-10.6,0.0,207.0,4.0
2014-03-01,-17.9,-12.3,-14.5,0.0,262.0,5.0
2014-03-02,-14.3,-2.4,-8.5,0.0,168.0,3.0
2014-03-03,-12.5,-4.2,-9.8,0.0,224.0,3.0
2014-03-04,-16.2,-12.2,-14.3,0.0,273.0,4.0
2014-03-05,-17.2,-10.6,-13.4,0.0,261.0,3.0
2014-03-06,-14.9,-9.0,-11.8,0.0,156.0,2.0
2014-03-07,-15.7,-8.5,-11.9,0.0,147.0,2.0
2014-03-08,-11.4,0.6,-4.5,0.0,166.0,2.0
2014-03-09,-4.2,2.7,-0.3,0.0,195.0,3.0
2014-03-10,-7.1,-4.2,-5.7,0.0,165.0,2.0
2014-03-11,-5.5,1.2,-2.1,0.0,166.0,2.0
2014-03-12,1.2,5.5,3.1,0.0,274.0,4.0
2014-03-13,-12.3,2.5,-6.0,0.0,129.0,5.0
2014-03-14,-14.9,-5.7,-10.8,0.0,270.0,5.0
2014-03-15,-12.9,1.9,-5.9,0.0,168.0,4.0
2014-03-16,-8.3,4.9,0.8,0.0,254.0,4.0
2014-03-17,-14.5,-8.2,-12.0,0.0,279.0,5.0
2014-03-18,-13.7,-6.8,-10.1,0.0,269.0,3.0
2014-03-19,-12.0,-2.7,-7.2,0.0,101.0,2.0
2014-03-20,-8.4,3.3,-2.3,0.0,119.0,3.0
2014-03-21,-0.3,3.5,1.5,0.0,215.0,4.0
2014-03-22,-3.0,2.7,-0.4,0.0,278.0,5.0
2014-03-23,-4.3,0.5,-1.6,0.0,189.0,3.0
2014-03-24,-12.7,0.3,-8.8,0.0,281.0,4.0
2014-03-25,-13.5,-4.7,-8.4,0.0,265.0,3.0
2014-03-26,-9.1,-1.7,-4.8,0.0,178.0,3.0
2014-03-27,-8.4,-0.7,-4.6,0.0,277.0,4.0
2014-03-28,-10.1,-2.4,-6.0,0.0,198.0,2.0
2014-03-29,-2.4,5.5,2.1,0.0,184.0,3.0
2014-03-30,0.3,4.1,1.9,0.0,112.0,3.0
2014-03-31,-1.7,0.4,-0.6,0.0,61.0,6.0
2014-04-01,-1.2,8.5,2.4,0.0,104.0,3.0
2014-04-02,-2.1,4.9,1.8,0.0,96.0,3.0
2014-04-03,1.5,6.2,4.1,0.0,237.0,4.0
2014-04-04,-1.2,4.3,1.4,0.0,244.0,2.0
2014-04-05,-3.2,7.4,2.0,0.0,89.0,4.0
2014-04-06,0.6,5.2,2.8,0.0,241.0,5.0
2014-04-07,-0.7,7.1,3.4,0.0,266.0,5.0
2014-04-08,3.0,13.5,8.8,0.0,148.0,3.0
2014-04-09,3.4,8.1,4.8,0.0,182.0,3.0
2014-04-10,1.2,4.7,3.1,0.0,280.0,4.0
2014-04-11,1.0,17.1,8.2,0.0,192.0,3.0
2014-04-12,7.0,11.6,9.2,0.0,257.0,4.0
2014-04-13,4.8,13.8,9.8,0.0,220.0,4.0
2014-04-14,2.6,10.4,5.1,0.0,138.0,2.0
2014-04-15,2.2,24.7,12.4,0.0,170.0,2.0
2014-04-16,-4.6,16.7,7.4,0.0,226.0,4.0
2014-04-17,-7.2,0.2,-3.2,0.0,271.0,4.0
2014-04-18,-1.7,7.6,3.0,0.0,141.0,3.0
2014-04-19,2.6,10.2,6.6,0.0,169.0,4.0
2014-04-20,5.3,11.4,7.7,0.0,261.0,3.0
2014-04-21,2.1,13.1,8.4,0.0,149.0,2.0
2014-04-22,9.6,18.8,13.6,0.0,226.0,3.0
2014-04-23,7.0,12.5,9.5,0.0,161.0,2.0
2014-04-24,5.0,11.0,8.0,0.0,296.0,4.0
2014-04-25,2.1,12.9,7.6,0.0,286.0,4.0
2014-04-26,2.9,12.0,7.6,0.0,141.0,3.0
2014-04-27,3.0,10.4,6.7,0.0,148.0,2.0
2014-04-28,2.3,10.8,6.5,0.0,157.0,3.0
2014-04-29,5.2,12.0,8.7,0.0,117.0,4.0
2014-04-30,6.3,16.2,10.7,0.0,100.0,4.0
2014-05-01,5.3,10.2,7.1,0.0,125.0,4.0
2014-05-02,6.0,16.5,10.5,0.0,188.0,3.0
2014-05-03,9.1,12.9,10.9,0.0,243.0,4.0
2014-05-04,9.4,16.5,11.4,0.0,209.0,3.0
2014-05-05,7.3,11.3,8.9,0.0,244.0,3.0
2014-05-06,6.8,13.0,9.4,0.0,283.0,3.0
2014-05-07,5.8,15.1,9.8,0.0,247.0,3.0
2014-05-08,5.7,16.2,11.4,0.0,245.0,2.0
2014-05-09,7.8,16.1,12.7,0.0,93.0,3.0
2014-05-10,9.1,19.4,14.1,0.0,125.0,3.0
2014-05-11,14.3,23.0,18.4,0.0,222.0,4.0
2014-05-12,12.1,20.3,16.1,0.0,256.0,4.0
2014-05-13,9.6,22.7,14.7,0.0,115.0,3.0
2014-05-14,7.8,18.3,13.3,0.0,95.0,4.0
2014-05-15,14.5,25.2,19.1,0.0,156.0,3.0
2014-05-16,17.9,26.3,22.1,0.0,145.0,4.0
2014-05-17,12.0,22.1,19.2,0.0,164.0,4.0
2014-05-18,8.9,14.5,11.5,0.0,252.0,4.0
2014-05-19,7.8,16.7,12.2,0.0,269.0,4.0
2014-05-20,10.5,21.1,16.0,0.0,237.0,2.0
2014-05-21,11.0,23.5,17.9,0.0,156.0,2.0
2014-05-22,12.3,24.0,18.6,0.0,92.0,2.0
2014-05-23,13.0,19.2,15.4,0.0,123.0,2.0
2014-05-24,11.8,20.3,15.5,0.0,97.0,3.0
2014-05-25,12.0,21.8,16.5,0.0,188.0,2.0
2014-05-26,12.5,24.8,18.7,0.0,202.0,3.0
2014-05-27,16.8,23.4,19.3,0.0,254.0,4.0
2014-05-28,7.8,19.2,11.1,0.0,92.0,3.0
2014-05-29,9.6,16.3,12.9,0.0,89.0,3.0
2014-05-30,10.5,20.6,16.1,0.0,192.0,2.0
2014-05-31,15.0,23.1,17.7,0.0,190.0,2.0
2014-06-01,12.3,20.5,16.3,0.0,120.0,2.0
2014-06-02,12.7,25.5,19.5,0.0,167.0,2.0
2014-06-03,16.8,29.6,23.8,0.0,211.0,2.0
2014-06-04,19.8,28.5,22.0,0.0,168.0,3.0
2014-06-05,14.5,22.0,17.9,0.0,265.0,4.0
2014-06-06,14.7,17.9,15.8,0.0,275.0,2.0
2014-06-07,14.3,22.7,17.9,0.0,284.0,3.0
2014-06-08,15.7,27.5,21.8,0.0,258.0,3.0
2014-06-09,18.3,28.2,23.5,0.0,235.0,3.0
2014-06-10,19.7,27.1,24.4,0.0,126.0,3.0
2014-06-11,16.1,23.8,20.2,0.0,96.0,3.0
2014-06-12,13.3,23.6,18.3,0.0,125.0,4.0
2014-06-13,12.5,17.4,15.3,0.0,132.0,4.0
2014-06-14,16.9,19.4,18.0,0.0,131.0,4.0
2014-06-15,14.5,19.1,16.7,0.0,260.0,3.0
2014-06-16,14.2,24.8,19.2,0.0,241.0,2.0
2014-06-17,15.1,24.2,20.2,0.0,141.0,2.0
2014-06-18,16.5,27.5,22.4,0.0,217.0,2.0
2014-06-19,16.4,25.5,21.0,0.0,267.0,3.0
2014-06-20,16.3,24.8,20.3,0.0,258.0,3.0
2014-06-21,13.7,21.0,17.3,0.0,180.0,3.0
2014-06-22,14.0,21.9,18.0,0.0,208.0,2.0
2014-06-23,14.9,24.6,20.1,0.0,144.0,2.0
2014-06-24,17.0,26.8,22.7,0.0,147.0,2.0
2014-06-25,18.5,22.8,20.4,0.0,164.0,2.0
2014-06-26,18.5,23.7,20.8,0.0,126.0,3.0
2014-06-27,17.9,26.1,22.6,0.0,132.0,3.0
2014-06-28,20.2,29.4,25.1,0.0,178.0,1.0
2014-06-29,19.8,29.7,25.4,0.0,185.0,2.0
2014-06-30,20.8,30.6,25.9,0.0,159.0,2.0
2014-07-01,23.3,29.5,26.3,0.0,233.0,3.0
2014-07-02,23.1,32.4,27.5,0.0,197.0,3.0
2014-07-03,23.9,29.3,26.5,0.0,245.0,4.0
2014-07-04,20.2,24.1,22.0,0.0,185.0,2.0
2014-07-05,16.8,23.7,20.1,0.0,237.0,2.0
2014-07-06,16.0,27.0,21.7,0.0,282.0,5.0
2014-07-07,19.3,26.3,22.9,0.0,250.0,5.0
2014-07-08,19.0,22.6,21.4,0.0,203.0,2.0
2014-07-09,20.8,29.2,24.5,0.0,207.0,4.0
2014-07-10,18.0,22.7,20.6,0.0,254.0,4.0
2014-07-11,15.4,22.6,19.3,0.0,272.0,4.0
2014-07-12,17.3,19.8,18.8,0.0,226.0,1.0
2014-07-13,18.9,27.8,24.2,0.0,234.0,2.0
2014-07-14,21.1,26.1,22.9,0.0,172.0,2.0
2014-07-15,18.8,23.5,21.6,0.0,255.0,4.0
2014-07-16,18.2,22.0,20.2,0.0,130.0,2.0
2014-07-17,18.6,23.6,20.8,0.0,251.0,4.0
2014-07-18,15.2,22.6,18.5,0.0,267.0,4.0
2014-07-19,16.1,25.9,21.1,0.0,259.0,3.0
2014-07-20,18.1,27.0,23.1,0.0,162.0,2.0
2014-07-21,20.1,27.4,23.7,0.0,150.0,3.0
2014-07-22,21.2,29.4,25.1,0.0,203.0,2.0
2014-07-23,21.8,29.1,25.8,0.0,247.0,3.0
2014-07-24,19.8,27.2,23.7,0.0,252.0,3.0
2014-07-25,15.4,22.4,19.2,0.0,243.0,3.0
2014-07-26,16.8,24.7,20.7,0.0,254.0,4.0
2014-07-27,18.1,25.1,21.4,0.0,243.0,3.0
2014-07-28,18.1,24.3,21.1,0.0,213.0,2.0
2014-07-29,15.7,19.6,17.1,0.0,153.0,3.0
2014-07-30,13.3,21.3,17.3,0.0,277.0,3.0
2014-07-31,14.3,22.5,19.2,0.0,191.0,2.0
2014-08-01,14.8,21.7,18.5,0.0,207.0,2.0
2014-08-02,16.8,26.1,22.0,0.0,212.0,2.0
2014-08-03,18.6,27.9,22.7,0.0,163.0,2.0
2014-08-04,19.5,27.8,23.7,0.0,239.0,2.0
2014-08-05,20.4,27.4,23.7,0.0,259.0,2.0
2014-08-06,19.4,25.4,21.6,0.0,257.0,2.0
2014-08-07,17.7,25.6,21.3,0.0,240.0,2.0
2014-08-08,17.1,23.3,20.0,0.0,242.0,2.0
2014-08-09,17.6,26.9,22.6,0.0,283.0,2.0
2014-08-10,19.9,28.7,24.1,0.0,253.0,2.0
2014-08-11,20.8,29.0,25.0,0.0,226.0,2.0
2014-08-12,20.7,29.2,25.3,0.0,146.0,2.0
2014-08-13,20.3,26.9,23.4,0.0,142.0,4.0
2014-08-14,17.0,28.3,19.1,0.0,133.0,4.0
2014-08-15,12.3,17.6,14.8,0.0,253.0,4.0
2014-08-16,12.3,16.5,14.4,0.0,240.0,2.0
2014-08-17,14.8,18.3,16.5,0.0,224.0,2.0
2014-08-18,14.6,22.2,17.7,0.0,257.0,3.0
2014-08-19,13.0,21.8,17.8,0.0,285.0,3.0
2014-08-20,14.4,23.8,19.1,0.0,154.0,1.0
2014-08-21,16.0,27.1,21.4,0.0,103.0,2.0
2014-08-22,18.4,23.4,21.4,0.0,112.0,2.0
2014-08-23,17.9,22.4,19.8,0.0,114.0,3.0
2014-08-24,16.7,25.9,20.9,0.0,100.0,2.0
2014-08-25,19.4,28.8,23.7,0.0,206.0,1.0
2014-08-26,12.0,28.8,25.6,0.0,248.0,2.0
2014-08-27,21.0,28.4,24.7,0.0,238.0,3.0
2014-08-28,19.9,25.2,22.6,0.0,281.0,3.0
2014-08-29,16.1,20.7,18.5,0.0,290.0,3.0
2014-08-30,14.5,22.2,18.4,0.0,154.0,2.0
2014-08-31,17.3,25.0,21.4,0.0,173.0,2.0
2014-09-01,19.6,25.2,22.4,0.0,216.0,3.0
2014-09-02,20.1,26.0,22.7,0.0,235.0,2.0
2014-09-03,18.9,27.7,23.2,0.0,234.0,3.0
2014-09-04,18.7,25.4,21.4,0.0,267.0,4.0
2014-09-05,18.6,27.2,23.1,0.0,234.0,3.0
2014-09-06,21.2,30.7,25.2,0.0,222.0,2.0
2014-09-07,15.0,24.8,20.4,0.0,275.0,3.0
2014-09-08,14.2,21.2,17.7,0.0,266.0,3.0
2014-09-09,14.4,23.9,19.5,0.0,134.0,2.0
2014-09-10,16.3,22.6,19.2,0.0,156.0,4.0
2014-09-11,16.1,23.6,19.9,0.0,154.0,3.0
2014-09-12,11.2,23.6,17.6,0.0,216.0,4.0
2014-09-13,9.2,14.4,11.0,0.0,264.0,2.0
2014-09-14,8.3,12.2,10.2,0.0,154.0,3.0
2014-09-15,7.1,10.7,8.9,0.0,267.0,3.0
2014-09-16,7.7,17.6,12.7,0.0,226.0,2.0
2014-09-17,12.0,18.0,14.5,0.0,263.0,3.0
2014-09-18,10.0,17.3,13.9,0.0,243.0,3.0
2014-09-19,6.1,13.1,9.8,0.0,216.0,3.0
2014-09-20,4.0,13.1,8.7,0.0,172.0,2.0
2014-09-21,10.3,19.6,15.4,0.0,168.0,3.0
2014-09-22,16.4,22.6,19.5,0.0,177.0,2.0
2014-09-23,8.9,16.4,11.1,0.0,272.0,5.0
2014-09-24,8.0,16.2,12.5,0.0,262.0,4.0
2014-09-25,9.3,21.9,15.8,0.0,152.0,1.0
2014-09-26,13.4,22.9,18.4,0.0,225.0,2.0
2014-09-27,15.3,25.2,20.6,0.0,212.0,2.0
2014-09-28,17.6,26.4,21.9,0.0,232.0,2.0
2014-09-29,17.6,24.9,20.9,0.0,248.0,3.0
2014-09-30,9.4,19.1,14.6,0.0,125.0,3.0
2014-10-01,8.7,17.0,12.4,0.0,89.0,3.0
2014-10-02,10.7,17.4,13.6,0.0,81.0,3.0
2014-10-03,9.4,20.7,14.4,0.0,144.0,2.0
2014-10-04,10.1,22.8,16.4,0.0,127.0,3.0
2014-10-05,10.6,16.4,13.5,0.0,166.0,4.0
2014-10-06,8.3,13.3,10.9,0.0,253.0,3.0
2014-10-07,9.0,16.6,12.9,0.0,152.0,3.0
2014-10-08,12.4,18.4,15.7,0.0,167.0,2.0
2014-10-09,9.7,16.6,13.0,0.0,218.0,4.0
2014-10-10,6.0,11.3,8.4,0.0,256.0,4.0
2014-10-11,6.2,11.5,8.6,0.0,264.0,4.0
2014-10-12,7.6,12.7,9.6,0.0,246.0,2.0
2014-10-13,6.0,13.4,9.8,0.0,257.0,2.0
2014-10-14,7.2,16.8,12.1,0.0,163.0,3.0
2014-10-15,14.2,23.6,19.2,0.0,168.0,3.0
2014-10-16,18.9,24.0,21.2,0.0,152.0,2.0
2014-10-17,14.6,21.5,17.7,0.0,146.0,1.0
2014-10-18,15.1,17.9,16.1,0.0,249.0,3.0
2014-10-19,9.3,16.6,14.7,0.0,226.0,2.0
2014-10-20,4.8,9.5,6.4,0.0,289.0,3.0
2014-10-21,2.9,7.0,4.9,0.0,251.0,2.0
2014-10-22,5.8,8.1,6.9,0.0,69.0,3.0
2014-10-23,7.1,12.6,8.9,0.0,63.0,4.0
2014-10-24,6.8,8.8,7.7,0.0,65.0,4.0
2014-10-25,7.6,13.0,10.2,0.0,214.0,3.0
2014-10-26,7.6,13.5,10.6,0.0,214.0,3.0
2014-10-27,7.6,10.1,8.9,0.0,279.0,5.0
2014-10-28,6.2,11.2,8.6,0.0,262.0,4.0
2014-10-29,6.9,15.0,10.5,0.0,122.0,2.0
2014-10-30,9.6,15.7,12.8,0.0,252.0,3.0
2014-10-31,5.3,9.6,7.1,0.0,279.0,3.0
2014-11-01,3.9,7.4,5.3,0.0,139.0,2.0
2014-11-02,3.1,6.3,4.6,0.0,92.0,4.0
2014-11-03,0.8,7.6,3.7,0.0,218.0,4.0
2014-11-04,-0.6,7.4,3.2,0.0,285.0,4.0
2014-11-05,6.4,13.1,8.4,0.0,162.0,2.0
2014-11-06,8.4,12.6,10.6,0.0,236.0,3.0
2014-11-07,5.6,9.7,7.4,0.0,208.0,3.0
2014-11-08,1.9,6.1,3.5,0.0,201.0,4.0
2014-11-09,-1.2,4.2,1.0,0.0,267.0,3.0
2014-11-10,2.6,6.3,4.6,0.0,215.0,3.0
2014-11-11,3.7,7.3,5.8,0.0,191.0,2.0
2014-11-12,2.7,13.0,6.4,0.0,131.0,2.0
2014-11-13,2.5,8.2,5.0,0.0,215.0,4.0
2014-11-14,0.9,4.1,2.5,0.0,260.0,4.0
2014-11-15,-2.7,1.3,-0.4,0.0,280.0,4.0
2014-11-16,-3.8,1.1,-1.2,0.0,266.0,3.0
2014-11-17,-1.0,3.7,1.3,0.0,229.0,2.0
2014-11-18,-0.1,2.1,0.9,0.0,146.0,2.0
2014-11-19,-4.4,2.0,-2.5,0.0,254.0,5.0
2014-11-20,-6.8,-1.9,-4.3,0.0,241.0,4.0
2014-11-21,-4.6,0.2,-2.0,0.0,218.0,4.0
2014-11-22,-6.5,-3.9,-5.5,0.0,276.0,5.0
2014-11-23,-5.5,3.6,-0.7,0.0,223.0,3.0
2014-11-24,3.6,8.2,5.5,0.0,197.0,3.0
2014-11-25,6.7,17.2,12.1,0.0,168.0,4.0
2014-11-26,2.8,10.6,6.5,0.0,253.0,5.0
2014-11-27,-0.1,2.8,0.8,0.0,167.0,3.0
2014-11-28,-2.5,0.5,-1.3,0.0,224.0,2.0
2014-11-29,-5.9,-2.0,-4.2,0.0,227.0,3.0
2014-11-30,-6.5,-0.4,-3.3,0.0,173.0,3.0
2014-12-01,-0.5,6.8,3.8,0.0,172.0,3.0
2014-12-02,-7.2,7.4,1.1,0.0,276.0,4.0
2014-12-03,-14.3,-6.0,-10.8,0.0,126.0,3.0
2014-12-04,-6.0,4.1,1.5,0.0,208.0,4.0
2014-12-05,-10.3,0.5,-5.7,0.0,259.0,4.0
2014-12-06,-11.8,-4.6,-8.2,0.0,92.0,2.0
2014-12-07,-4.8,-0.3,-2.7,0.0,239.0,1.0
2014-12-08,-11.8,0.1,-7.2,0.0,214.0,3.0
2014-12-09,-13.4,-2.7,-9.5,0.0,98.0,3.0
2014-12-10,-3.5,-0.0,-2.0,0.0,119.0,3.0
2014-12-11,-0.8,0.1,-0.3,0.0,74.0,5.0
2014-12-12,-2.4,0.4,-0.4,0.0,183.0,3.0
2014-12-13,-3.7,-1.4,-3.1,0.0,257.0,4.0
2014-12-14,-4.2,-0.3,-2.8,0.0,251.0,3.0
2014-12-15,-3.3,-0.6,-1.9,0.0,273.0,3.0
2014-12-16,-0.9,0.0,-0.4,0.0,266.0,2.0
2014-12-17,-1.8,1.0,-0.5,0.0,102.0,2.0
2014-12-18,-0.1,1.1,0.5,0.0,203.0,2.0
2014-12-19,-1.8,0.9,-0.1,0.0,289.0,3.0
2014-12-20,-6.5,-1.4,-4.2,0.0,273.0,2.0
2014-12-21,-11.6,-6.1,-8.9,0.0,159.0,1.0
2014-12-22,-10.4,-7.3,-8.6,0.0,84.0,2.0
2014-12-23,-8.3,-5.2,-6.9,0.0,89.0,3.0
2014-12-24,-5.6,2.9,-0.7,0.0,107.0,2.0
2014-12-25,2.9,6.8,5.1,0.0,125.0,4.0
2014-12-26,4.2,9.5,6.0,0.0,240.0,6.0
2014-12-27,3.5,4.6,4.2,0.0,258.0,4.0
2014-12-28,3.0,6.4,4.2,0.0,223.0,3.0
2014-12-29,-0.7,9.4,4.1,0.0,263.0,4.0
2014-12-30,-9.9,-0.2,-5.9,0.0,278.0,4.0
2014-12-31,-14.5,-9.8,-12.1,0.0,280.0,3.0
2015-01-01,-13.3,-6.4,-9.5,0.0,254.0,3.0
2015-01-02,-7.3,-3.0,-4.9,0.0,231.0,3.0
2015-01-03,-12.0,-3.2,-7.8,0.0,282.0,4.0
2015-01-04,-15.3,-8.7,-12.5,0.0,113.0,2.0
2015-01-05,-8.8,3.9,-2.6,0.0,178.0,3.0
2015-01-06,-17.2,-3.4,-13.2,0.0,279.0,7.0
2015-01-07,-17.5,-8.9,-12.8,0.0,227.0,2.0
2015-01-08,-25.2,-8.9,-15.8,0.0,250.0,4.0
2015-01-09,-26.2,-7.6,-18.0,0.0,213.0,3.0
2015-01-10,-12.2,-6.0,-8.3,0.0,227.0,3.0
2015-01-11,-12.5,-8.4,-10.5,0.0,245.0,3.0
2015-01-12,-9.9,-4.1,-7.1,0.0,209.0,3.0
2015-01-13,-15.1,-1.1,-3.9,0.0,238.0,3.0
2015-01-14,-20.4,-15.0,-17.6,0.0,243.0,2.0
2015-01-15,-19.8,-13.6,-16.2,0.0,145.0,2.0
2015-01-16,-17.2,-5.0,-11.6,0.0,144.0,2.0
2015-01-17,-18.8,-2.2,-9.9,0.0,271.0,5.0
2015-01-18,-21.7,-13.7,-18.4,0.0,185.0,3.0
2015-01-19,-13.7,3.7,-1.8,0.0,191.0,3.0
2015-01-20,-11.9,1.6,-2.6,0.0,277.0,5.0
2015-01-21,-17.8,-11.9,-15.0,0.0,271.0,5.0
2015-01-22,-15.2,-9.7,-12.9,0.0,147.0,2.0
2015-01-23,-15.1,-7.2,-11.4,0.0,253.0,2.0
2015-01-24,-9.5,0.0,-4.3,0.0,230.0,4.0
2015-01-25,-3.2,-0.7,-1.6,0.0,245.0,3.0
2015-01-26,-15.3,-1.5,-11.0,0.0,284.0,5.0
2015-01-27,-17.9,-14.0,-15.8,0.0,124.0,3.0
2015-01-28,-15.3,-9.3,-12.6,0.0,94.0,5.0
2015-01-29,-12.9,-7.8,-10.3,0.0,256.0,3.0
2015-01-30,-11.4,-0.5,-7.3,0.0,141.0,2.0
2015-01-31,-16.1,-2.0,-6.4,0.0,257.0,3.0
2015-02-01,-21.6,-13.7,-17.6,0.0,273.0,4.0
2015-02-02,-20.1,-13.1,-15.2,0.0,240.0,3.0
2015-02-03,-22.6,-16.6,-19.6,0.0,116.0,4.0
2015-02-04,-20.6,-7.1,-14.5,0.0,225.0,3.0
2015-02-05,-7.9,-3.4,-6.2,0.0,207.0,3.0
2015-02-06,-16.6,-6.5,-12.6,0.0,287.0,3.0
2015-02-07,-18.4,-9.0,-13.6,0.0,207.0,3.0
2015-02-08,-14.3,-11.0,-12.8,0.0,215.0,2.0
2015-02-09,-18.8,-13.8,-16.1,0.0,61.0,5.0
2015-02-10,-15.7,-10.6,-13.7,0.0,82.0,4.0
2015-02-11,-11.5,-5.8,-9.0,0.0,235.0,2.0
2015-02-12,-17.3,-10.8,-13.3,0.0,85.0,3.0
2015-02-13,-16.3,-7.6,-11.0,0.0,257.0,3.0
2015-02-14,-23.5,-16.3,-20.5,0.0,276.0,4.0
2015-02-15,-20.5,-13.1,-16.8,0.0,103.0,3.0
2015-02-16,-21.3,-13.2,-17.7,0.0,246.0,5.0
2015-02-17,-22.8,-16.0,-19.4,0.0,271.0,5.0
2015-02-18,-18.9,-12.5,-15.5,0.0,119.0,2.0
2015-02-19,-15.8,-7.8,-11.5,0.0,123.0,2.0
2015-02-20,-17.9,-8.0,-12.6,0.0,264.0,5.0
2015-02-21,-19.5,-14.2,-16.9,0.0,263.0,7.0
2015-02-22,-15.5,-7.1,-11.2,0.0,165.0,3.0
2015-02-23,-8.3,-3.2,-5.5,0.0,210.0,3.0
2015-02-24,-20.9,-5.6,-18.0,0.0,279.0,5.0
2015-02-25,-20.7,-8.5,-15.1,0.0,174.0,4.0
2015-02-26,-13.8,-5.2,-8.7,0.0,234.0,4.0
2015-02-27,-16.4,-12.4,-14.2,0.0,206.0,2.0
2015-02-28,-16.0,-9.4,-12.7,0.0,267.0,4.0
2015-03-01,-14.8,-5.7,-10.2,0.0,252.0,4.0
2015-03-02,-10.2,-2.9,-6.9,0.0,189.0,3.0
2015-03-03,-8.6,-3.4,-5.6,0.0,279.0,4.0
2015-03-04,-10.2,-4.0,-7.3,0.0,181.0,3.0
2015-03-05,-4.3,1.8,-1.1,0.0,262.0,5.0
2015-03-06,-13.4,-3.9,-10.7,0.0,277.0,3.0
2015-03-07,-16.4,-6.6,-11.3,0.0,247.0,4.0
2015-03-08,-8.8,-2.3,-5.2,0.0,252.0,3.0
2015-03-09,-4.8,-0.6,-2.8,0.0,261.0,3.0
2015-03-10,-3.2,3.0,-0.4,0.0,265.0,4.0
2015-03-11,0.7,8.9,4.7,0.0,188.0,2.0
2015-03-12,1.5,8.7,6.1,0.0,268.0,5.0
2015-03-13,-6.8,1.5,-4.4,0.0,287.0,4.0
2015-03-14,-6.6,-1.2,-4.3,0.0,159.0,2.0
2015-03-15,-3.7,0.7,-1.6,0.0,111.0,2.0
2015-03-16,-3.2,-0.2,-1.9,0.0,187.0,3.0
2015-03-17,-5.3,2.5,-0.6,0.0,152.0,2.0
2015-03-18,-6.7,1.9,-1.4,0.0,229.0,3.0
2015-03-19,-11.6,-5.3,-8.2,0.0,293.0,4.0
2015-03-20,-10.8,-1.8,-6.0,0.0,280.0,4.0
2015-03-21,-5.9,2.9,-1.4,0.0,172.0,3.0
2015-03-22,-9.2,1.9,-1.4,0.0,193.0,4.0
2015-03-23,-15.5,-9.1,-11.9,0.0,286.0,5.0
2015-03-24,-15.8,-6.0,-11.0,0.0,278.0,5.0
2015-03-25,-8.9,0.4,-3.9,0.0,233.0,2.0
2015-03-26,-3.9,7.2,1.4,0.0,168.0,3.0
2015-03-27,1.5,5.9,3.6,0.0,249.0,3.0
2015-03-28,-4.2,3.0,0.3,0.0,185.0,2.0
2015-03-29,-9.3,-0.9,-4.9,0.0,219.0,3.0
2015-03-30,-6.1,3.2,-0.9,0.0,229.0,3.0
2015-03-31,-0.5,3.9,1.8,0.0,206.0,4.0
2015-04-01,-5.1,2.7,-1.1,0.0,279.0,4.0
2015-04-02,-5.4,1.9,-1.6,0.0,252.0,3.0
2015-04-03,-1.6,11.3,3.7,0.0,184.0,3.0
2015-04-04,6.5,13.2,9.8,0.0,255.0,3.0
2015-04-05,-4.9,6.8,-0.4,0.0,218.0,4.0
2015-04-06,-3.3,0.9,-1.3,0.0,277.0,4.0
2015-04-07,-3.7,2.8,-0.4,0.0,189.0,2.0
2015-04-08,-0.9,5.6,2.2,0.0,141.0,2.0
2015-04-09,-1.8,5.4,1.4,0.0,107.0,3.0
2015-04-10,0.0,6.9,3.2,0.0,121.0,5.0
2015-04-11,2.8,13.2,6.6,0.0,172.0,5.0
2015-04-12,2.3,8.2,5.6,0.0,267.0,6.0
2015-04-13,3.3,16.9,9.9,0.0,258.0,5.0
2015-04-14,7.3,21.7,15.3,0.0,166.0,3.0
2015-04-15,6.5,15.9,11.6,0.0,263.0,5.0
2015-04-16,6.7,14.1,9.9,0.0,245.0,2.0
2015-04-17,4.4,16.4,10.7,0.0,156.0,2.0
2015-04-18,9.7,18.6,14.4,0.0,236.0,4.0
2015-04-19,3.9,9.7,6.4,0.0,154.0,3.0
2015-04-20,2.1,12.0,7.0,0.0,142.0,3.0
2015-04-21,5.1,10.5,8.2,0.0,113.0,4.0
2015-04-22,7.4,12.5,9.7,0.0,195.0,3.0
2015-04-23,5.4,9.5,7.0,0.0,203.0,2.0
2015-04-24,1.6,5.8,4.0,0.0,267.0,5.0
2015-04-25,0.3,3.7,1.8,0.0,285.0,4.0
2015-04-26,0.7,11.0,6.0,0.0,276.0,4.0
2015-04-27,4.4,11.7,7.9,0.0,272.0,2.0
2015-04-28,5.6,14.3,9.8,0.0,179.0,2.0
2015-04-29,7.6,19.7,13.2,0.0,181.0,3.0
2015-04-30,8.2,16.0,11.8,0.0,119.0,3.0
2015-05-01,6.3,16.1,11.8,0.0,74.0,3.0
2015-05-02,8.3,18.4,14.2,0.0,125.0,2.0
2015-05-03,13.1,23.4,18.4,0.0,230.0,2.0
2015-05-04,13.9,24.7,19.6,0.0,244.0,3.0
2015-05-05,16.0,27.4,20.8,0.0,245.0,4.0
2015-05-06,12.4,20.0,16.2,0.0,258.0,3.0
2015-05-07,13.4,24.3,19.0,0.0,239.0,3.0
2015-05-08,15.0,26.9,21.7,0.0,257.0,4.0
2015-05-09,14.1,30.0,23.2,0.0,174.0,2.0
2015-05-10,16.5,27.2,21.8,0.0,156.0,2.0
2015-05-11,13.8,24.2,18.6,0.0,157.0,3.0
2015-05-12,8.1,14.1,9.4,0.0,73.0,3.0
2015-05-13,8.1,22.4,14.4,0.0,221.0,4.0
2015-05-14,7.1,17.4,12.2,0.0,269.0,4.0
2015-05-15,8.2,18.1,13.7,0.0,261.0,3.0
2015-05-16,11.2,21.1,16.3,0.0,184.0,3.0
2015-05-17,15.2,21.0,18.4,0.0,199.0,2.0
2015-05-18,15.9,24.7,20.2,0.0,168.0,2.0
2015-05-19,12.5,28.1,21.0,0.0,141.0,2.0
2015-05-20,14.0,26.2,20.1,0.0,213.0,4.0
2015-05-21,6.4,15.6,11.3,0.0,281.0,5.0
2015-05-22,9.3,19.6,14.0,0.0,253.0,5.0
2015-05-23,4.4,13.5,9.1,0.0,236.0,4.0
2015-05-24,3.0,15.8,9.4,0.0,267.0,4.0
2015-05-25,13.2,25.2,18.5,0.0,248.0,4.0
2015-05-26,15.5,20.5,17.8,0.0,204.0,3.0
2015-05-27,16.7,28.4,23.5,0.0,241.0,4.0
2015-05-28,21.8,27.4,24.8,0.0,220.0,3.0
2015-05-29,15.9,22.7,19.9,0.0,246.0,3.0
2015-05-30,14.2,25.2,20.0,0.0,152.0,2.0
2015-05-31,15.0,30.3,23.4,0.0,222.0,4.0
2015-06-01,8.4,15.0,11.4,0.0,104.0,4.0
2015-06-02,9.4,13.6,11.7,0.0,79.0,4.0
2015-06-03,8.2,12.4,9.7,0.0,94.0,3.0
2015-06-04,6.7,17.4,12.3,0.0,132.0,2.0
2015-06-05,10.6,24.2,17.9,0.0,134.0,3.0
2015-06-06,16.2,23.7,18.9,0.0,235.0,2.0
2015-06-07,9.9,20.7,15.3,0.0,198.0,3.0
2015-06-08,12.0,21.6,17.6,0.0,143.0,3.0
2015-06-09,14.3,22.3,17.5,0.0,170.0,3.0
2015-06-10,16.5,22.5,18.9,0.0,211.0,2.0
2015-06-11,16.1,24.3,19.7,0.0,228.0,3.0
2015-06-12,16.5,22.6,19.7,0.0,259.0,4.0
2015-06-13,15.6,21.3,18.3,0.0,215.0,3.0
2015-06-14,15.3,26.8,20.8,0.0,274.0,3.0
2015-06-15,15.9,23.8,20.0,0.0,113.0,2.0
2015-06-16,16.4,21.1,19.1,0.0,127.0,3.0
2015-06-17,16.4,22.8,19.2,0.0,217.0,2.0
2015-06-18,13.8,22.4,18.2,0.0,176.0,2.0
2015-06-19,16.4,26.3,21.1,0.0,193.0,3.0
2015-06-20,11.8,20.7,17.2,0.0,208.0,3.0
2015-06-21,12.9,24.4,19.4,0.0,154.0,2.0
2015-06-22,18.6,24.5,21.2,0.0,134.0,2.0
2015-06-23,17.8,26.7,22.0,0.0,234.0,2.0
2015-06-24,18.8,26.8,21.5,0.0,200.0,4.0
2015-06-25,14.2,23.5,18.6,0.0,283.0,3.0
2015-06-26,14.9,22.5,19.0,0.0,274.0,2.0
2015-06-27,15.3,24.6,20.4,0.0,174.0,2.0
2015-06-28,15.1,23.9,20.4,0.0,139.0,2.0
2015-06-29,12.7,20.4,15.1,0.0,93.0,3.0
2015-06-30,12.1,19.1,15.9,0.0,228.0,2.0
2015-07-01,15.1,24.8,19.6,0.0,181.0,3.0
2015-07-02,15.9,21.7,18.4,0.0,188.0,3.0
2015-07-03,13.4,22.3,18.0,0.0,267.0,5.0
2015-07-04,15.4,24.1,20.1,0.0,263.0,4.0
2015-07-05,16.6,25.0,21.0,0.0,198.0,2.0
2015-07-06,18.3,26.8,22.8,0.0,270.0,3.0
2015-07-07,20.0,28.7,24.2,0.0,199.0,2.0
2015-07-08,,,,0.0,,
2015-07-09,,,,0.0,,
2015-07-10,,,,0.0,,
2015-07-11,,,,0.0,,
2015-07-12,,,,0.0,,
2015-07-13,,,,0.0,,
2015-07-14,,,,0.0,,
2015-07-15,17.4,26.8,23.2,0.0,222.0,2.0
2015-07-16,13.6,23.2,17.8,0.0,181.0,3.0
2015-07-17,13.9,24.1,19.2,0.0,230.0,2.0
2015-07-18,16.1,24.2,20.5,0.0,153.0,3.0
2015-07-19,18.0,24.9,21.6,0.0,231.0,2.0
2015-07-20,20.4,28.4,23.6,0.0,193.0,2.0
2015-07-21,20.1,26.9,23.7,0.0,249.0,3.0
2015-07-22,18.4,24.4,21.3,0.0,247.0,3.0
2015-07-23,16.8,21.8,19.4,0.0,285.0,3.0
2015-07-24,16.1,24.4,20.1,0.0,287.0,4.0
2015-07-25,17.4,23.7,20.5,0.0,260.0,2.0
2015-07-26,14.8,25.8,20.6,0.0,152.0,2.0
2015-07-27,19.2,27.7,23.1,0.0,226.0,2.0
2015-07-28,20.3,29.4,24.3,0.0,206.0,2.0
2015-07-29,20.6,30.7,25.9,0.0,226.0,2.0
2015-07-30,23.1,32.2,27.6,0.0,236.0,2.0
2015-07-31,22.4,28.4,25.4,0.0,222.0,3.0
2015-08-01,19.7,26.4,22.6,0.0,253.0,4.0
2015-08-02,17.9,25.1,20.7,0.0,265.0,4.0
2015-08-03,16.9,27.4,22.1,0.0,229.0,3.0
2015-08-04,20.6,25.2,22.7,0.0,235.0,3.0
2015-08-05,17.4,24.6,21.4,0.0,254.0,4.0
2015-08-06,16.7,22.9,19.4,0.0,271.0,4.0
2015-08-07,15.6,21.8,18.6,0.0,284.0,4.0
2015-08-08,15.0,21.9,18.8,0.0,217.0,2.0
2015-08-09,15.4,24.5,20.3,0.0,142.0,2.0
2015-08-10,15.9,25.8,20.8,0.0,147.0,2.0
2015-08-11,17.0,27.1,21.7,0.0,162.0,2.0
2015-08-12,17.3,21.2,19.3,0.0,164.0,2.0
2015-08-13,17.5,23.1,19.8,0.0,279.0,3.0
2015-08-14,16.5,22.9,19.1,0.0,263.0,3.0
2015-08-15,17.1,24.8,20.9,0.0,221.0,3.0
2015-08-16,20.6,28.6,24.2,0.0,220.0,1.0
2015-08-17,21.0,29.9,25.1,0.0,234.0,2.0
2015-08-18,22.6,31.3,26.5,0.0,246.0,3.0
2015-08-19,22.4,30.8,26.9,0.0,200.0,2.0
2015-08-20,22.4,30.5,26.4,0.0,154.0,2.0
2015-08-21,24.0,30.4,26.7,0.0,137.0,4.0
2015-08-22,18.0,25.5,21.6,0.0,243.0,3.0
2015-08-23,18.3,25.8,21.9,0.0,232.0,1.0
2015-08-24,18.8,27.5,23.3,0.0,134.0,1.0
2015-08-25,18.8,27.8,23.3,0.0,171.0,3.0
2015-08-26,17.3,26.6,21.3,0.0,205.0,2.0
2015-08-27,17.0,22.8,19.6,0.0,264.0,3.0
2015-08-28,16.6,22.2,18.9,0.0,272.0,3.0
2015-08-29,15.4,22.3,18.9,0.0,274.0,3.0
2015-08-30,16.6,23.5,20.0,0.0,256.0,3.0
2015-08-31,20.0,20.0,20.0,0.0,242.0,2.0
2015-09-01,20.1,25.0,22.9,0.0,272.0,4.0
2015-09-02,17.8,27.2,22.8,0.0,187.0,2.0
2015-09-03,19.8,26.2,22.8,0.0,257.0,3.0
2015-09-04,19.3,26.9,23.7,0.0,131.0,3.0
2015-09-05,15.4,25.7,20.4,0.0,88.0,3.0
2015-09-06,16.0,28.2,22.4,0.0,170.0,1.0
2015-09-07,19.8,30.4,25.3,0.0,184.0,2.0
2015-09-08,22.1,31.3,26.2,0.0,244.0,4.0
2015-09-09,22.0,28.4,24.5,0.0,189.0,2.0
2015-09-10,20.5,28.0,24.3,0.0,242.0,3.0
2015-09-11,18.0,23.5,21.0,0.0,173.0,2.0
2015-09-12,15.3,25.6,21.0,0.0,216.0,2.0
2015-09-13,15.3,20.7,17.4,0.0,143.0,2.0
2015-09-14,15.2,20.7,16.7,0.0,143.0,2.0
2015-09-15,14.5,20.6,17.5,0.0,274.0,4.0
2015-09-16,15.5,25.7,20.8,0.0,262.0,4.0
2015-09-17,18.7,28.2,23.2,0.0,240.0,3.0
2015-09-18,20.0,27.9,23.5,0.0,251.0,3.0
2015-09-19,19.0,28.5,24.0,0.0,236.0,2.0
2015-09-20,16.2,27.6,22.9,0.0,188.0,3.0
2015-09-21,12.3,18.4,14.9,0.0,280.0,3.0
2015-09-22,11.8,21.2,16.9,0.0,160.0,1.0
2015-09-23,14.3,22.4,18.3,0.0,147.0,2.0
2015-09-24,15.3,23.9,19.4,0.0,247.0,2.0
2015-09-25,13.6,19.0,16.3,0.0,133.0,2.0
2015-09-26,10.8,15.6,13.0,0.0,109.0,2.0
2015-09-27,7.7,18.1,13.0,0.0,141.0,1.0
2015-09-28,10.7,22.6,16.5,0.0,181.0,2.0
2015-09-29,15.5,21.3,18.4,0.0,223.0,2.0
2015-09-30,12.8,24.9,18.9,0.0,177.0,2.0
2015-10-01,8.1,13.2,11.2,0.0,96.0,4.0
2015-10-02,5.5,14.2,9.7,0.0,132.0,4.0
2015-10-03,5.0,12.8,8.8,0.0,104.0,4.0
2015-10-04,4.9,12.7,8.6,0.0,64.0,5.0
2015-10-05,5.2,7.5,6.4,0.0,57.0,3.0
2015-10-06,,,,0.0,,
2015-10-07,,,,0.0,,
2015-10-08,,,,0.0,,
2015-10-09,7.6,12.5,10.3,0.0,169.0,2.0
2015-10-10,5.2,8.7,7.0,0.0,188.0,3.0
2015-10-11,3.4,9.6,7.2,0.0,256.0,3.0
2015-10-12,7.9,17.6,13.5,0.0,235.0,3.0
2015-10-13,13.3,23.8,18.1,0.0,196.0,2.0
2015-10-14,13.3,17.5,15.2,0.0,184.0,3.0
2015-10-15,6.8,14.6,10.3,0.0,273.0,4.0
2015-10-16,5.1,13.5,9.1,0.0,234.0,3.0
2015-10-17,5.6,10.4,8.4,0.0,239.0,3.0
2015-10-18,0.5,6.1,3.1,0.0,282.0,2.0
2015-10-19,-1.2,3.0,0.6,0.0,289.0,3.0
2015-10-20,-1.3,7.8,3.0,0.0,229.0,2.0
2015-10-21,7.3,16.7,12.6,0.0,253.0,4.0
2015-10-22,3.4,9.5,6.5,0.0,134.0,2.0
2015-10-23,3.7,16.7,10.2,0.0,235.0,4.0
2015-10-24,3.1,8.1,5.3,0.0,208.0,3.0
2015-10-25,1.2,9.3,5.7,0.0,136.0,4.0
2015-10-26,,,,0.0,,
2015-10-27,,,,0.0,,
2015-10-28,6.2,10.3,9.0,0.0,214.0,2.0
2015-10-29,2.1,10.2,6.0,0.0,102.0,3.0
2015-10-30,7.4,15.1,10.6,0.0,211.0,4.0
2015-10-31,3.5,8.7,5.8,0.0,282.0,4.0
2015-11-01,2.4,8.3,5.6,0.0,188.0,2.0
2015-11-02,5.8,12.9,8.6,0.0,190.0,4.0
2015-11-03,8.0,10.8,9.7,0.0,251.0,3.0
2015-11-04,6.9,15.0,10.2,0.0,231.0,3.0
2015-11-05,7.0,13.6,9.6,0.0,167.0,2.0
2015-11-06,5.9,18.6,11.4,0.0,166.0,1.0
2015-11-07,11.2,19.2,16.3,0.0,208.0,3.0
2015-11-08,5.2,11.2,8.6,0.0,279.0,4.0
2015-11-09,1.0,7.0,4.7,0.0,273.0,4.0
2015-11-10,6.1,11.2,8.3,0.0,246.0,3.0
2015-11-11,5.5,12.0,8.2,0.0,139.0,2.0
2015-11-12,5.6,10.2,7.5,0.0,130.0,2.0
2015-11-13,6.0,11.6,9.2,0.0,139.0,3.0
2015-11-14,3.4,9.7,7.8,0.0,264.0,4.0
2015-11-15,-0.1,3.5,1.2,0.0,284.0,5.0
2015-11-16,0.1,7.3,4.6,0.0,269.0,4.0
2015-11-17,1.0,7.0,4.4,0.0,251.0,3.0
2015-11-18,-0.9,4.1,1.6,0.0,145.0,2.0
2015-11-19,-1.2,9.9,5.2,0.0,118.0,3.0
2015-11-20,9.8,13.4,11.6,0.0,145.0,4.0
2015-11-21,3.3,11.4,7.5,0.0,247.0,4.0
2015-11-22,2.0,4.7,3.4,0.0,163.0,3.0
2015-11-23,-0.9,7.4,4.7,0.0,230.0,4.0
2015-11-24,-3.8,0.5,-2.0,0.0,290.0,3.0
2015-11-25,-5.9,-2.0,-3.7,0.0,164.0,2.0
2015-11-26,-4.1,4.7,0.0,0.0,131.0,2.0
2015-11-27,4.7,9.7,7.4,0.0,177.0,3.0
2015-11-28,0.9,15.0,9.2,0.0,188.0,3.0
2015-11-29,-3.1,1.8,-0.7,0.0,230.0,2.0
2015-11-30,-4.9,0.0,-2.3,0.0,213.0,3.0
2015-12-01,-9.1,-2.0,-5.1,0.0,151.0,2.0
2015-12-02,-4.2,4.4,-0.5,0.0,109.0,2.0
2015-12-03,3.2,6.0,4.4,0.0,201.0,1.0
2015-12-04,1.1,5.3,3.5,0.0,288.0,3.0
2015-12-05,0.6,5.7,3.5,0.0,270.0,4.0
2015-12-06,3.3,6.2,5.4,0.0,248.0,3.0
2015-12-07,2.8,5.5,3.7,0.0,230.0,2.0
2015-12-08,1.2,4.8,3.1,0.0,243.0,3.0
2015-12-09,-0.2,3.7,1.8,0.0,95.0,2.0
2015-12-10,1.5,6.7,4.1,0.0,121.0,3.0
2015-12-11,6.2,9.9,8.4,0.0,196.0,2.0
2015-12-12,8.2,14.1,10.3,0.0,196.0,3.0
2015-12-13,4.3,9.8,7.7,0.0,273.0,3.0
2015-12-14,0.5,4.4,2.1,0.0,122.0,3.0
2015-12-15,0.6,4.0,2.5,0.0,143.0,2.0
2015-12-16,2.0,4.5,3.4,0.0,217.0,2.0
2015-12-17,0.1,2.0,0.8,0.0,99.0,3.0
2015-12-18,0.7,9.0,5.8,0.0,154.0,2.0
2015-12-19,1.7,8.6,3.8,0.0,276.0,4.0
2015-12-20,-3.8,1.7,-0.6,0.0,281.0,5.0
2015-12-21,-5.7,0.2,-3.2,0.0,243.0,3.0
2015-12-22,0.1,4.6,2.4,0.0,186.0,2.0
2015-12-23,1.6,5.1,3.0,0.0,161.0,2.0
2015-12-24,2.1,9.8,3.8,0.0,142.0,2.0
2015-12-25,7.9,17.3,12.1,0.0,200.0,4.0
2015-12-26,4.4,7.9,6.5,0.0,266.0,3.0
2015-12-27,0.6,4.4,2.6,0.0,224.0,2.0
2015-12-28,-2.8,2.3,-0.7,0.0,151.0,3.0
2015-12-29,-11.1,-2.8,-9.2,0.0,150.0,3.0
2015-12-30,-12.2,-7.5,-9.5,0.0,71.0,4.0
2015-12-31,-8.5,-4.6,-6.8,0.0,148.0,2.0
2016-01-01,-5.1,-0.4,-1.8,0.0,251.0,3.0
2016-01-02,-3.0,-0.0,-1.3,0.0,266.0,3.0
2016-01-03,-3.9,0.6,-1.3,0.0,261.0,4.0
2016-01-04,-13.3,0.2,-2.5,0.0,222.0,3.0
2016-01-05,-18.0,-12.6,-15.1,0.0,255.0,3.0
2016-01-06,-17.1,-7.7,-13.5,0.0,251.0,2.0
2016-01-07,-8.6,0.3,-4.0,0.0,211.0,2.0
2016-01-08,-2.7,1.1,-0.7,0.0,211.0,2.0
2016-01-09,-4.8,1.3,-2.3,0.0,139.0,2.0
2016-01-10,1.2,4.9,3.5,0.0,136.0,4.0
2016-01-11,0.4,8.6,5.1,0.0,141.0,4.0
2016-01-12,-9.8,0.5,-7.1,0.0,275.0,6.0
2016-01-13,-10.1,-3.5,-6.7,0.0,151.0,3.0
2016-01-14,-12.2,-3.4,-9.5,0.0,272.0,5.0
2016-01-15,-12.9,-8.4,-10.6,0.0,137.0,2.0
2016-01-16,-13.2,-7.8,-10.1,0.0,93.0,3.0
2016-01-17,-8.2,-1.6,-4.4,0.0,189.0,3.0
2016-01-18,-10.1,-3.8,-6.9,0.0,184.0,3.0
2016-01-19,-13.9,-7.1,-9.8,0.0,248.0,5.0
2016-01-20,-16.5,-8.8,-13.3,0.0,273.0,7.0
2016-01-21,-10.6,-4.6,-7.8,0.0,273.0,4.0
2016-01-22,-11.8,-6.5,-8.9,0.0,283.0,3.0
2016-01-23,-8.3,-2.5,-6.1,0.0,281.0,3.0
2016-01-24,-12.0,-7.8,-9.5,0.0,111.0,3.0
2016-01-25,-11.6,-6.2,-8.5,0.0,268.0,2.0
2016-01-26,-6.2,-0.6,-3.1,0.0,181.0,2.0
2016-01-27,-1.4,6.2,1.8,0.0,197.0,4.0
2016-01-28,-6.1,3.1,-3.4,0.0,272.0,4.0
2016-01-29,-6.4,2.3,-1.7,0.0,148.0,2.0
2016-01-30,-6.9,1.7,-0.6,0.0,187.0,3.0
2016-01-31,-8.7,0.7,-4.7,0.0,205.0,3.0
2016-02-01,-0.7,5.5,3.1,0.0,186.0,2.0
2016-02-02,1.0,9.5,5.1,0.0,255.0,4.0
2016-02-03,-6.9,1.1,-3.4,0.0,136.0,3.0
2016-02-04,-5.6,9.5,2.3,0.0,128.0,3.0
2016-02-05,0.7,9.5,4.0,0.0,270.0,4.0
2016-02-06,-5.9,0.7,-3.3,0.0,216.0,3.0
2016-02-07,-4.0,1.5,-1.3,0.0,231.0,2.0
2016-02-08,-9.0,1.2,-5.1,0.0,136.0,4.0
2016-02-09,-9.1,-5.8,-7.4,0.0,69.0,4.0
2016-02-10,-8.6,-5.3,-7.1,0.0,69.0,3.0
2016-02-11,-7.0,-4.5,-5.8,0.0,194.0,2.0
2016-02-12,-17.6,-5.8,-13.2,0.0,278.0,4.0
2016-02-13,-18.1,-6.3,-12.3,0.0,208.0,3.0
2016-02-14,-26.3,-11.0,-21.3,0.0,283.0,5.0
2016-02-15,-27.1,-19.1,-23.0,0.0,275.0,4.0
2016-02-16,-19.8,-3.8,-13.0,0.0,139.0,3.0
2016-02-17,-6.5,1.4,-3.1,0.0,191.0,4.0
2016-02-18,-8.6,-0.1,-2.7,0.0,266.0,4.0
2016-02-19,-13.1,-7.9,-10.4,0.0,274.0,3.0
2016-02-20,-11.2,1.7,-5.7,0.0,147.0,3.0
2016-02-21,-0.1,4.8,2.7,0.0,196.0,3.0
2016-02-22,-8.1,3.8,0.2,0.0,258.0,4.0
2016-02-23,-13.4,-7.0,-9.7,0.0,222.0,2.0
2016-02-24,-11.7,-4.5,-8.1,0.0,130.0,2.0
2016-02-25,-5.0,0.6,-2.2,0.0,100.0,2.0
2016-02-26,-2.5,2.3,0.9,0.0,248.0,3.0
2016-02-27,-13.0,-2.2,-9.2,0.0,282.0,6.0
2016-02-28,-10.2,3.2,-3.6,0.0,224.0,3.0
2016-02-29,-8.9,2.6,-5.4,0.0,106.0,4.0
2016-03-01,-8.0,2.3,-2.6,0.0,222.0,4.0
2016-03-02,-14.7,-8.0,-10.9,0.0,209.0,4.0
2016-03-03,-12.4,-7.2,-9.4,0.0,227.0,4.0
2016-03-04,-18.7,-11.1,-14.4,0.0,278.0,3.0
2016-03-05,-13.8,-4.6,-9.1,0.0,105.0,2.0
2016-03-06,-11.5,-1.2,-5.8,0.0,198.0,2.0
2016-03-07,-4.3,2.5,-0.4,0.0,238.0,2.0
2016-03-08,-0.6,4.8,2.2,0.0,237.0,3.0
2016-03-09,2.1,4.5,3.3,0.0,141.0,2.0
2016-03-10,1.7,13.7,8.7,0.0,245.0,3.0
2016-03-11,2.3,11.1,5.9,0.0,146.0,3.0
2016-03-12,0.2,6.4,2.8,0.0,202.0,3.0
2016-03-13,0.0,11.2,5.5,0.0,244.0,4.0
2016-03-14,2.1,8.1,5.3,0.0,173.0,3.0
2016-03-15,-1.1,5.4,1.8,0.0,116.0,4.0
2016-03-16,2.5,8.7,5.0,0.0,144.0,4.0
2016-03-17,3.4,7.6,5.3,0.0,95.0,3.0
2016-03-18,1.6,12.1,5.9,0.0,239.0,3.0
2016-03-19,-4.2,2.9,-0.5,0.0,224.0,3.0
2016-03-20,-8.2,0.1,-4.2,0.0,269.0,3.0
2016-03-21,-7.1,1.1,-3.2,0.0,108.0,2.0
2016-03-22,-4.8,5.6,-0.4,0.0,282.0,3.0
2016-03-23,-5.2,4.7,-0.5,0.0,272.0,3.0
2016-03-24,-2.7,2.0,0.4,0.0,161.0,2.0
2016-03-25,-6.2,-1.3,-4.3,0.0,64.0,5.0
2016-03-26,-2.2,1.8,0.1,0.0,224.0,3.0
2016-03-27,-3.9,3.6,-0.5,0.0,103.0,2.0
2016-03-28,-2.6,13.5,4.8,0.0,130.0,2.0
2016-03-29,2.6,8.4,6.1,0.0,172.0,4.0
2016-03-30,0.3,6.8,3.6,0.0,289.0,4.0
2016-03-31,0.7,10.8,6.5,0.0,230.0,3.0
2016-04-01,6.1,16.9,10.1,0.0,170.0,2.0
2016-04-02,4.6,16.9,11.8,0.0,245.0,4.0
2016-04-03,-1.5,8.0,4.0,0.0,240.0,3.0
2016-04-04,-8.7,-1.5,-6.4,0.0,287.0,4.0
2016-04-05,-9.8,-2.9,-6.6,0.0,120.0,2.0
2016-04-06,-8.9,-0.2,-4.2,0.0,247.0,3.0
2016-04-07,-3.3,3.1,-0.7,0.0,179.0,3.0
2016-04-08,-0.2,5.1,2.7,0.0,166.0,3.0
2016-04-09,-3.4,5.0,0.6,0.0,257.0,4.0
2016-04-10,-5.2,1.8,-2.4,0.0,259.0,3.0
2016-04-11,-6.0,1.9,-2.0,0.0,248.0,2.0
2016-04-12,-1.5,7.7,3.6,0.0,141.0,3.0
2016-04-13,1.6,8.6,5.4,0.0,262.0,4.0
2016-04-14,-0.9,6.4,3.0,0.0,227.0,2.0
2016-04-15,0.8,9.5,5.2,0.0,111.0,2.0
2016-04-16,1.5,13.4,7.8,0.0,113.0,2.0
2016-04-17,2.7,14.8,9.3,0.0,118.0,2.0
2016-04-18,7.4,22.5,15.4,0.0,221.0,2.0
2016-04-19,5.1,15.1,7.9,0.0,100.0,3.0
2016-04-20,3.9,14.2,9.3,0.0,269.0,3.0
2016-04-21,2.9,13.3,8.2,0.0,176.0,2.0
2016-04-22,6.2,21.4,15.0,0.0,182.0,1.0
2016-04-23,6.6,17.5,13.0,0.0,225.0,3.0
2016-04-24,3.3,12.7,7.1,0.0,200.0,3.0
2016-04-25,0.4,10.8,5.6,0.0,201.0,3.0
2016-04-26,0.8,10.2,5.1,0.0,187.0,3.0
2016-04-27,0.0,8.5,4.0,0.0,132.0,3.0
2016-04-28,-1.3,6.3,2.9,0.0,230.0,3.0
2016-04-29,-0.7,7.1,3.3,0.0,161.0,2.0
2016-04-30,0.5,10.9,6.2,0.0,85.0,2.0
2016-05-01,3.5,15.0,9.5,0.0,99.0,2.0
2016-05-02,6.3,10.4,8.2,0.0,134.0,2.0
2016-05-03,6.5,8.7,7.4,0.0,125.0,2.0
2016-05-04,5.2,12.9,8.9,0.0,147.0,2.0
2016-05-05,4.8,13.8,9.5,0.0,83.0,2.0
2016-05-06,6.5,17.8,12.1,0.0,70.0,3.0
2016-05-07,7.5,20.9,14.6,0.0,103.0,3.0
2016-05-08,13.3,21.9,17.3,0.0,161.0,3.0
2016-05-09,2.6,14.8,8.1,0.0,251.0,4.0
2016-05-10,1.5,11.2,6.4,0.0,284.0,4.0
2016-05-11,7.2,19.3,13.0,0.0,272.0,3.0
2016-05-12,10.1,21.2,16.4,0.0,218.0,2.0
2016-05-13,12.9,26.0,19.9,0.0,156.0,2.0
2016-05-14,14.5,21.2,18.1,0.0,178.0,3.0
2016-05-15,9.8,20.8,15.6,0.0,230.0,3.0
2016-05-16,2.3,9.8,6.6,0.0,280.0,5.0
2016-05-17,2.4,9.2,5.6,0.0,285.0,6.0
2016-05-18,4.9,13.0,9.0,0.0,283.0,4.0
2016-05-19,6.2,17.9,12.6,0.0,194.0,2.0
2016-05-20,12.5,19.4,16.0,0.0,244.0,1.0
2016-05-21,13.6,23.9,19.3,0.0,242.0,3.0
2016-05-22,15.9,24.6,20.5,0.0,241.0,3.0
2016-05-23,15.9,25.9,20.8,0.0,150.0,3.0
2016-05-24,14.8,27.1,21.5,0.0,159.0,2.0
2016-05-25,16.4,29.9,23.6,0.0,178.0,2.0
2016-05-26,17.3,25.5,21.0,0.0,225.0,3.0
2016-05-27,14.4,23.8,19.7,0.0,105.0,2.0
2016-05-28,14.4,31.2,23.0,0.0,212.0,3.0
2016-05-29,19.1,27.3,23.4,0.0,110.0,3.0
2016-05-30,15.9,26.5,20.0,0.0,132.0,2.0
2016-05-31,20.2,28.8,24.4,0.0,226.0,3.0
2016-06-01,16.6,24.1,20.3,0.0,261.0,4.0
2016-06-02,13.9,24.7,19.4,0.0,101.0,2.0
2016-06-03,18.4,22.9,20.5,0.0,165.0,2.0
2016-06-04,18.3,25.9,22.1,0.0,271.0,3.0
2016-06-05,17.3,25.4,22.0,0.0,203.0,1.0
2016-06-06,16.9,21.4,18.1,0.0,131.0,2.0
2016-06-07,17.2,22.3,19.6,0.0,225.0,3.0
2016-06-08,14.1,22.3,18.4,0.0,248.0,3.0
2016-06-09,8.7,14.1,11.8,0.0,285.0,5.0
2016-06-10,7.9,14.2,10.6,0.0,287.0,4.0
2016-06-11,9.3,20.2,14.7,0.0,276.0,3.0
2016-06-12,12.8,16.4,14.8,0.0,173.0,3.0
2016-06-13,10.5,16.7,12.4,0.0,283.0,5.0
2016-06-14,12.4,19.9,16.0,0.0,241.0,4.0
2016-06-15,11.7,26.4,18.4,0.0,280.0,3.0
2016-06-16,16.0,28.0,22.4,0.0,208.0,2.0
2016-06-17,15.7,26.1,21.8,0.0,136.0,2.0
2016-06-18,17.5,28.6,23.3,0.0,187.0,1.0
2016-06-19,17.1,30.2,24.3,0.0,198.0,2.0
2016-06-20,21.2,31.3,26.0,0.0,233.0,3.0
2016-06-21,23.3,32.5,27.6,0.0,239.0,4.0
2016-06-22,18.3,23.4,21.0,0.0,278.0,4.0
2016-06-23,14.1,21.2,18.1,0.0,257.0,2.0
2016-06-24,16.4,24.0,20.1,0.0,262.0,3.0
2016-06-25,14.7,25.7,20.8,0.0,187.0,2.0
2016-06-26,19.5,30.0,25.2,0.0,212.0,2.0
2016-06-27,20.7,31.9,27.0,0.0,197.0,2.0
2016-06-28,20.8,28.2,24.6,0.0,198.0,2.0
2016-06-29,19.1,26.3,22.2,0.0,182.0,2.0
2016-06-30,18.1,22.7,19.7,0.0,233.0,2.0
2016-07-01,17.3,27.6,22.8,0.0,248.0,3.0
2016-07-02,18.5,27.0,21.9,0.0,177.0,3.0
2016-07-03,15.6,19.9,17.6,0.0,274.0,5.0
2016-07-04,15.4,26.0,20.8,0.0,269.0,4.0
2016-07-05,18.3,28.4,23.5,0.0,260.0,4.0
2016-07-06,20.7,29.7,25.6,0.0,250.0,3.0
2016-07-07,20.2,30.3,25.3,0.0,216.0,3.0
2016-07-08,16.5,23.5,20.0,0.0,116.0,3.0
2016-07-09,15.8,22.2,19.2,0.0,77.0,3.0
2016-07-10,16.2,19.3,17.7,0.0,104.0,3.0
2016-07-11,15.2,19.0,17.0,0.0,149.0,2.0
2016-07-12,16.0,27.5,22.1,0.0,253.0,3.0
2016-07-13,20.4,28.6,24.9,0.0,220.0,3.0
2016-07-14,21.6,31.5,26.9,0.0,179.0,3.0
2016-07-15,21.8,28.1,25.7,0.0,221.0,3.0
2016-07-16,19.6,28.9,23.2,0.0,254.0,3.0
2016-07-17,16.6,25.2,20.8,0.0,230.0,2.0
2016-07-18,20.4,26.2,23.1,0.0,250.0,2.0
2016-07-19,19.7,28.1,23.8,0.0,240.0,3.0
2016-07-20,16.2,23.6,19.7,0.0,287.0,3.0
2016-07-21,17.9,26.0,22.1,0.0,278.0,4.0
2016-07-22,19.0,30.2,24.7,0.0,238.0,4.0
2016-07-23,21.4,31.1,26.7,0.0,267.0,4.0
2016-07-24,18.5,27.0,22.3,0.0,238.0,2.0
2016-07-25,16.2,25.2,21.2,0.0,253.0,2.0
2016-07-26,19.5,24.9,22.4,0.0,180.0,3.0
2016-07-27,20.4,27.6,24.2,0.0,278.0,5.0
2016-07-28,21.0,29.8,25.5,0.0,213.0,2.0
2016-07-29,20.5,28.2,25.4,0.0,228.0,2.0
2016-07-30,18.8,25.7,22.2,0.0,151.0,3.0
2016-07-31,18.7,25.7,22.0,0.0,165.0,2.0
2016-08-01,19.3,27.9,23.8,0.0,110.0,2.0
2016-08-02,18.8,25.9,22.3,0.0,113.0,2.0
2016-08-03,19.1,28.6,24.0,0.0,93.0,2.0
2016-08-04,21.0,30.1,25.4,0.0,184.0,2.0
2016-08-05,21.7,31.6,26.4,0.0,213.0,2.0
2016-08-06,22.3,31.9,27.1,0.0,208.0,3.0
2016-08-07,22.3,27.5,24.5,0.0,278.0,3.0
2016-08-08,19.0,25.4,22.2,0.0,288.0,3.0
2016-08-09,18.8,27.9,22.9,0.0,255.0,4.0
2016-08-10,18.3,28.4,23.4,0.0,131.0,2.0
2016-08-11,22.1,31.7,26.8,0.0,214.0,2.0
2016-08-12,23.5,31.4,27.3,0.0,206.0,2.0
2016-08-13,18.9,28.1,21.2,0.0,98.0,3.0
2016-08-14,17.5,20.5,19.2,0.0,95.0,2.0
2016-08-15,17.4,24.7,20.7,0.0,251.0,2.0
2016-08-16,18.4,26.9,22.8,0.0,243.0,2.0
2016-08-17,17.1,23.8,20.7,0.0,138.0,2.0
2016-08-18,17.1,26.7,22.3,0.0,242.0,3.0
2016-08-19,20.8,27.3,23.8,0.0,283.0,3.0
2016-08-20,19.3,27.5,23.6,0.0,202.0,2.0
2016-08-21,18.7,29.2,24.3,0.0,138.0,3.0
2016-08-22,20.5,26.9,23.3,0.0,177.0,3.0
2016-08-23,14.0,21.6,18.2,0.0,281.0,4.0
2016-08-24,16.3,25.9,21.0,0.0,251.0,4.0
2016-08-25,19.9,29.0,24.3,0.0,233.0,3.0
2016-08-26,22.3,26.4,23.9,0.0,208.0,2.0
2016-08-27,22.6,27.7,25.1,0.0,270.0,3.0
2016-08-28,18.8,25.3,22.0,0.0,98.0,2.0
2016-08-29,19.6,28.0,23.3,0.0,155.0,2.0
2016-08-30,19.2,25.7,22.2,0.0,282.0,3.0
2016-08-31,19.4,25.1,22.1,0.0,237.0,2.0
2016-09-01,19.8,25.4,22.2,0.0,266.0,3.0
2016-09-02,16.6,23.7,19.9,0.0,267.0,2.0
2016-09-03,15.1,21.8,18.3,0.0,236.0,2.0
2016-09-04,13.9,23.2,18.8,0.0,222.0,1.0
2016-09-05,16.6,25.9,21.3,0.0,182.0,1.0
2016-09-06,17.4,27.8,22.7,0.0,156.0,1.0
2016-09-07,18.7,28.8,23.9,0.0,177.0,1.0
2016-09-08,19.7,29.7,25.0,0.0,179.0,2.0
2016-09-09,22.1,25.6,23.9,0.0,187.0,2.0
2016-09-10,21.6,26.9,24.0,0.0,279.0,4.0
2016-09-11,19.6,27.0,23.9,0.0,137.0,3.0
2016-09-12,15.2,25.1,18.5,0.0,265.0,5.0
2016-09-13,14.2,22.7,18.7,0.0,254.0,4.0
2016-09-14,15.8,26.7,21.5,0.0,249.0,3.0
2016-09-15,12.7,22.3,18.7,0.0,275.0,3.0
2016-09-16,9.6,17.9,14.1,0.0,237.0,2.0
2016-09-17,11.8,21.2,16.9,0.0,170.0,2.0
2016-09-18,15.7,22.3,19.4,0.0,170.0,3.0
2016-09-19,20.4,26.4,22.9,0.0,254.0,2.0
2016-09-20,16.6,26.5,22.5,0.0,183.0,1.0
2016-09-21,14.6,26.3,20.8,0.0,223.0,2.0
2016-09-22,16.1,25.7,21.0,0.0,265.0,4.0
2016-09-23,12.3,20.7,17.7,0.0,131.0,3.0
2016-09-24,11.2,18.5,14.3,0.0,190.0,2.0
2016-09-25,9.7,17.0,12.8,0.0,290.0,3.0
2016-09-26,6.9,17.5,12.2,0.0,226.0,2.0
2016-09-27,8.3,17.5,13.5,0.0,122.0,2.0
2016-09-28,13.3,20.8,16.6,0.0,189.0,2.0
2016-09-29,10.3,19.8,14.3,0.0,98.0,3.0
2016-09-30,8.2,17.7,12.8,0.0,94.0,3.0
2016-10-01,8.3,18.9,13.8,0.0,95.0,2.0
2016-10-02,12.2,18.5,14.8,0.0,105.0,2.0
2016-10-03,13.3,15.5,14.5,0.0,170.0,1.0
2016-10-04,10.3,18.8,15.2,0.0,135.0,2.0
2016-10-05,6.8,18.6,13.2,0.0,163.0,2.0
2016-10-06,10.6,20.5,15.6,0.0,142.0,1.0
2016-10-07,13.2,23.1,18.3,0.0,206.0,1.0
2016-10-08,14.0,24.0,18.7,0.0,148.0,2.0
2016-10-09,12.4,18.4,15.7,0.0,211.0,3.0
2016-10-10,6.5,13.4,10.9,0.0,249.0,3.0
2016-10-11,3.5,11.5,7.9,0.0,271.0,3.0
2016-10-12,6.9,17.2,12.2,0.0,196.0,2.0
2016-10-13,11.7,19.6,15.1,0.0,173.0,3.0
2016-10-14,5.6,14.8,11.3,0.0,225.0,4.0
2016-10-15,3.4,10.8,7.4,0.0,261.0,2.0
2016-10-16,5.5,15.1,10.4,0.0,151.0,3.0
2016-10-17,11.8,18.2,14.3,0.0,208.0,3.0
2016-10-18,9.2,16.2,12.1,0.0,130.0,3.0
2016-10-19,8.7,26.2,17.0,0.0,165.0,2.0
2016-10-20,12.5,18.0,14.6,0.0,269.0,3.0
2016-10-21,10.3,13.2,11.5,0.0,106.0,2.0
2016-10-22,7.9,10.7,9.6,0.0,134.0,4.0
2016-10-23,2.2,8.4,6.5,0.0,290.0,4.0
2016-10-24,2.5,10.0,6.2,0.0,276.0,7.0
2016-10-25,3.6,6.6,5.3,0.0,281.0,6.0
2016-10-26,2.2,6.4,4.2,0.0,285.0,4.0
2016-10-27,0.4,3.7,2.2,0.0,261.0,2.0
2016-10-28,-0.0,6.6,2.7,0.0,95.0,3.0
2016-10-29,3.3,6.0,4.6,0.0,185.0,2.0
2016-10-30,3.3,7.4,5.3,0.0,202.0,3.0
2016-10-31,4.9,7.2,5.8,0.0,279.0,2.0
2016-11-01,2.7,5.0,3.9,0.0,264.0,2.0
2016-11-02,0.5,11.7,6.2,0.0,148.0,3.0
2016-11-03,7.2,15.5,12.3,0.0,195.0,2.0
2016-11-04,6.9,11.8,9.6,0.0,186.0,2.0
2016-11-05,1.8,6.9,3.8,0.0,272.0,3.0
2016-11-06,2.5,8.7,6.1,0.0,269.0,2.0
2016-11-07,3.7,8.9,5.8,0.0,202.0,2.0
2016-11-08,2.0,10.9,6.5,0.0,190.0,2.0
2016-11-09,5.1,15.4,10.4,0.0,178.0,2.0
2016-11-10,0.9,11.8,7.0,0.0,243.0,3.0
2016-11-11,0.5,11.9,3.8,0.0,238.0,3.0
2016-11-12,2.2,12.4,7.5,0.0,275.0,5.0
2016-11-13,0.5,5.8,2.2,0.0,272.0,3.0
2016-11-14,5.8,11.0,8.4,0.0,254.0,4.0
2016-11-15,8.5,13.1,10.0,0.0,250.0,3.0
2016-11-16,5.4,12.6,9.1,0.0,156.0,1.0
2016-11-17,6.0,9.8,7.3,0.0,184.0,3.0
2016-11-18,6.9,10.4,8.1,0.0,280.0,3.0
2016-11-19,4.1,7.7,5.5,0.0,147.0,1.0
2016-11-20,1.7,10.5,5.7,0.0,171.0,2.0
2016-11-21,-0.4,7.3,2.9,0.0,272.0,4.0
2016-11-22,-2.3,-0.4,-1.4,0.0,271.0,7.0
2016-11-23,-1.9,0.0,-1.0,0.0,286.0,6.0
2016-11-24,-2.6,0.7,-0.9,0.0,272.0,4.0
2016-11-25,-1.8,0.9,-0.5,0.0,79.0,3.0
2016-11-26,0.4,2.8,1.2,0.0,156.0,1.0
2016-11-27,1.4,3.4,2.3,0.0,259.0,2.0
2016-11-28,-0.1,2.2,1.0,0.0,283.0,3.0
2016-11-29,-1.9,0.1,-1.0,0.0,194.0,2.0
2016-11-30,-1.9,2.9,0.9,0.0,131.0,2.0
2016-12-01,1.7,8.4,3.8,0.0,113.0,2.0
2016-12-02,5.1,9.0,6.7,0.0,218.0,4.0
2016-12-03,2.4,6.0,4.3,0.0,263.0,4.0
2016-12-04,-0.2,3.2,1.7,0.0,289.0,4.0
2016-12-05,-2.8,1.9,-0.7,0.0,240.0,2.0
2016-12-06,-4.2,-1.5,-3.1,0.0,167.0,2.0
2016-12-07,-1.7,1.7,-0.3,0.0,176.0,2.0
2016-12-08,-2.2,4.0,1.2,0.0,177.0,2.0
2016-12-09,-2.3,2.9,1.0,0.0,253.0,3.0
2016-12-10,-6.6,-2.3,-4.5,0.0,285.0,4.0
2016-12-11,-7.7,-4.8,-6.4,0.0,280.0,3.0
2016-12-12,-8.2,-4.1,-6.0,0.0,151.0,2.0
2016-12-13,-6.1,-2.5,-4.4,0.0,190.0,2.0
2016-12-14,-5.2,1.9,-1.7,0.0,219.0,3.0
2016-12-15,-6.9,-0.1,-3.9,0.0,258.0,3.0
2016-12-16,-19.7,-6.6,-12.8,0.0,285.0,5.0
2016-12-17,-22.3,-14.2,-18.5,0.0,217.0,3.0
2016-12-18,-14.9,-7.0,-10.5,0.0,161.0,2.0
2016-12-19,-15.1,-3.5,-6.9,0.0,244.0,4.0
2016-12-20,-18.2,-9.8,-15.1,0.0,175.0,2.0
2016-12-21,-9.8,-2.6,-5.8,0.0,189.0,3.0
2016-12-22,-2.6,2.6,1.1,0.0,251.0,3.0
2016-12-23,-0.0,1.7,0.9,0.0,209.0,2.0
2016-12-24,0.5,2.7,1.6,0.0,250.0,3.0
2016-12-25,0.1,3.5,2.4,0.0,230.0,4.0
2016-12-26,-9.1,3.6,-3.5,0.0,221.0,3.0
2016-12-27,-12.9,2.2,-6.7,0.0,101.0,3.0
2016-12-28,0.4,8.0,3.4,0.0,254.0,4.0
2016-12-29,-7.2,0.4,-3.6,0.0,245.0,3.0
2016-12-30,-7.2,0.5,-3.2,0.0,123.0,3.0
2016-12-31,-9.7,-0.6,-4.6,0.0,283.0,6.0
2017-01-01,-12.0,-7.0,-10.1,0.0,174.0,2.0
2017-01-02,-7.0,0.5,-2.3,0.0,239.0,3.0
2017-01-03,-4.8,2.3,-1.1,0.0,166.0,2.0
2017-01-04,-5.2,0.8,-2.2,0.0,132.0,2.0
2017-01-05,-4.2,3.0,-0.8,0.0,210.0,3.0
2017-01-06,-10.5,-3.9,-6.6,0.0,270.0,5.0
2017-01-07,-9.8,-6.9,-8.3,0.0,271.0,3.0
2017-01-08,-13.6,-8.3,-10.6,0.0,188.0,2.0
2017-01-09,-16.9,-10.2,-13.8,0.0,217.0,3.0
2017-01-10,-18.1,-6.7,-12.6,0.0,203.0,3.0
2017-01-11,-7.3,2.1,-4.1,0.0,146.0,5.0
2017-01-12,2.1,6.5,4.5,0.0,207.0,4.0
2017-01-13,0.9,7.2,5.1,0.0,211.0,3.0
2017-01-14,-13.6,0.9,-6.2,0.0,286.0,6.0
2017-01-15,-16.2,-6.1,-11.8,0.0,212.0,2.0
2017-01-16,-9.6,-5.9,-7.7,0.0,265.0,3.0
2017-01-17,-7.9,2.9,-1.5,0.0,239.0,4.0
2017-01-18,-5.3,0.4,-1.4,0.0,131.0,3.0
2017-01-19,-5.3,0.0,-2.8,0.0,190.0,2.0
2017-01-20,-0.7,2.7,1.7,0.0,270.0,3.0
2017-01-21,1.4,2.6,2.2,0.0,155.0,2.0
2017-01-22,1.4,3.6,2.5,0.0,176.0,1.0
2017-01-23,-2.1,2.4,0.8,0.0,65.0,3.0
2017-01-24,-3.4,0.4,-1.5,0.0,64.0,3.0
2017-01-25,-3.7,-1.6,-2.9,0.0,75.0,4.0
2017-01-26,-2.1,0.5,-1.0,0.0,256.0,3.0
2017-01-27,0.3,1.7,1.1,0.0,250.0,3.0
2017-01-28,-2.8,1.3,-0.5,0.0,276.0,6.0
2017-01-29,-2.3,0.7,-0.7,0.0,271.0,4.0
2017-01-30,-4.6,0.4,-1.5,0.0,260.0,3.0
2017-01-31,-11.7,-4.5,-8.7,0.0,278.0,3.0
2017-02-01,-12.0,-6.7,-9.9,0.0,169.0,2.0
2017-02-02,-12.5,-5.4,-9.0,0.0,200.0,2.0
2017-02-03,-10.6,-3.7,-7.1,0.0,265.0,4.0
2017-02-04,-8.7,-5.0,-6.5,0.0,279.0,4.0
2017-02-05,-10.2,-2.7,-6.2,0.0,270.0,4.0
2017-02-06,-4.8,0.0,-2.2,0.0,226.0,3.0
2017-02-07,-13.4,-4.7,-10.4,0.0,255.0,3.0
2017-02-08,-12.4,-1.0,-9.6,0.0,75.0,3.0
2017-02-09,-8.1,4.3,-0.8,0.0,253.0,5.0
2017-02-10,-15.2,-8.1,-12.5,0.0,218.0,3.0
2017-02-11,-16.1,-12.1,-14.0,0.0,257.0,5.0
2017-02-12,-14.0,-9.3,-11.9,0.0,120.0,3.0
2017-02-13,-13.1,-3.3,-9.0,0.0,124.0,2.0
2017-02-14,-7.9,-2.7,-4.9,0.0,208.0,3.0
2017-02-15,-8.0,-3.2,-5.1,0.0,181.0,3.0
2017-02-16,-5.7,-2.8,-4.4,0.0,186.0,2.0
2017-02-17,-4.7,-1.5,-3.4,0.0,282.0,3.0
2017-02-18,-7.1,-2.7,-4.7,0.0,274.0,5.0
2017-02-19,-4.4,8.8,1.7,0.0,201.0,4.0
2017-02-20,1.2,8.7,5.4,0.0,276.0,5.0
2017-02-21,-3.5,2.8,-0.3,0.0,246.0,2.0
2017-02-22,-5.5,4.4,0.4,0.0,148.0,3.0
2017-02-23,2.5,7.8,4.9,0.0,165.0,1.0
2017-02-24,2.8,13.7,9.1,0.0,204.0,3.0
2017-02-25,1.2,7.7,3.9,0.0,154.0,2.0
2017-02-26,0.8,12.9,3.5,0.0,175.0,3.0
2017-02-27,-5.0,3.3,-1.7,0.0,263.0,5.0
2017-02-28,-0.9,5.7,3.5,0.0,257.0,4.0
2017-03-01,-0.1,8.5,4.1,0.0,134.0,2.0
2017-03-02,3.0,9.2,6.2,0.0,156.0,1.0
2017-03-03,-9.4,6.0,-4.6,0.0,276.0,6.0
2017-03-04,-13.9,-7.2,-10.7,0.0,282.0,4.0
2017-03-05,-18.2,-12.0,-14.7,0.0,278.0,4.0
2017-03-06,-16.3,-6.0,-10.9,0.0,267.0,2.0
2017-03-07,-8.7,0.3,-4.5,0.0,117.0,2.0
2017-03-08,-2.4,6.8,3.1,0.0,124.0,3.0
2017-03-09,3.6,12.2,6.7,0.0,244.0,3.0
2017-03-10,-3.5,4.1,-1.5,0.0,282.0,6.0
2017-03-11,-16.0,-3.3,-8.3,0.0,152.0,4.0
2017-03-12,-20.7,-15.0,-17.6,0.0,286.0,5.0
2017-03-13,-17.0,-10.4,-13.7,0.0,286.0,5.0
2017-03-14,-14.7,-7.7,-10.8,0.0,270.0,2.0
2017-03-15,-8.8,-6.8,-8.0,0.0,79.0,5.0
2017-03-16,-7.5,-3.4,-5.6,0.0,295.0,4.0
2017-03-17,-9.6,-2.7,-6.4,0.0,273.0,5.0
2017-03-18,-7.7,-1.5,-4.3,0.0,249.0,2.0
2017-03-19,-8.6,1.4,-3.3,0.0,119.0,2.0
2017-03-20,-5.7,4.2,-0.4,0.0,183.0,2.0
2017-03-21,-2.3,6.4,2.6,0.0,200.0,2.0
2017-03-22,1.4,5.1,3.2,0.0,234.0,2.0
2017-03-23,-13.1,1.4,-8.4,0.0,287.0,5.0
2017-03-24,-9.2,1.0,-3.9,0.0,272.0,3.0
2017-03-25,-2.2,0.3,-0.6,0.0,189.0,2.0
2017-03-26,-1.0,3.7,0.8,0.0,177.0,2.0
2017-03-27,-6.0,1.3,-1.7,0.0,75.0,3.0
2017-03-28,0.8,4.6,3.3,0.0,148.0,3.0
2017-03-29,1.7,5.8,3.5,0.0,201.0,1.0
2017-03-30,3.0,6.8,4.2,0.0,279.0,3.0
2017-03-31,0.6,6.8,3.3,0.0,130.0,2.0
2017-04-01,0.3,5.3,2.2,0.0,78.0,3.0
2017-04-02,0.4,3.0,1.5,0.0,118.0,2.0
2017-04-03,1.3,10.2,4.9,0.0,257.0,2.0
2017-04-04,0.3,8.2,4.4,0.0,84.0,2.0
2017-04-05,2.8,5.8,4.6,0.0,120.0,3.0
2017-04-06,4.1,8.2,5.8,0.0,215.0,3.0
2017-04-07,2.2,6.0,3.8,0.0,80.0,3.0
2017-04-08,0.0,5.4,3.6,0.0,247.0,3.0
2017-04-09,0.0,8.2,4.1,0.0,255.0,4.0
2017-04-10,3.7,17.1,10.4,0.0,204.0,2.0
2017-04-11,11.9,26.2,18.2,0.0,202.0,3.0
2017-04-12,5.2,17.7,9.0,0.0,135.0,3.0
2017-04-13,4.4,10.5,7.2,0.0,224.0,3.0
2017-04-14,4.3,14.4,8.9,0.0,285.0,4.0
2017-04-15,6.2,14.9,10.9,0.0,236.0,2.0
2017-04-16,6.3,19.6,12.9,0.0,178.0,2.0
2017-04-17,9.0,16.0,13.4,0.0,193.0,3.0
2017-04-18,4.5,9.0,7.2,0.0,264.0,4.0
2017-04-19,2.6,9.9,6.2,0.0,142.0,3.0
2017-04-20,6.0,10.1,7.9,0.0,158.0,3.0
2017-04-21,6.1,9.8,8.2,0.0,129.0,3.0
2017-04-22,7.2,11.5,9.6,0.0,143.0,3.0
2017-04-23,7.0,10.3,8.7,0.0,277.0,3.0
2017-04-24,6.1,18.5,11.3,0.0,245.0,3.0
2017-04-25,0.1,9.4,4.9,0.0,84.0,3.0
2017-04-26,3.1,13.1,8.5,0.0,89.0,3.0
2017-04-27,9.1,16.3,11.9,0.0,114.0,2.0
2017-04-28,10.1,24.5,15.8,0.0,136.0,2.0
2017-04-29,10.7,20.9,16.1,0.0,233.0,3.0
2017-04-30,5.8,18.7,14.4,0.0,261.0,5.0
2017-05-01,3.0,7.5,5.4,0.0,107.0,3.0
2017-05-02,5.6,10.1,8.2,0.0,92.0,3.0
2017-05-03,8.7,16.5,12.5,0.0,232.0,3.0
2017-05-04,5.9,13.3,9.4,0.0,282.0,5.0
2017-05-05,7.7,16.4,12.4,0.0,169.0,2.0
2017-05-06,7.4,11.1,8.7,0.0,104.0,4.0
2017-05-07,7.2,21.0,13.8,0.0,141.0,3.0
2017-05-08,4.9,12.9,8.3,0.0,262.0,4.0
2017-05-09,2.1,5.0,3.5,0.0,277.0,4.0
2017-05-10,2.4,8.1,5.2,0.0,245.0,2.0
2017-05-11,4.9,12.2,8.9,0.0,169.0,2.0
2017-05-12,7.0,13.6,10.1,0.0,71.0,3.0
2017-05-13,8.4,18.2,13.5,0.0,91.0,2.0
2017-05-14,11.3,18.2,14.3,0.0,172.0,3.0
2017-05-15,8.7,12.2,10.4,0.0,129.0,3.0
2017-05-16,9.7,22.4,16.3,0.0,241.0,3.0
2017-05-17,12.2,22.6,17.3,0.7,274.0,4.0
2017-05-18,15.3,29.8,22.9,0.1,214.0,4.0
2017-05-19,21.4,30.3,25.9,0.1,240.0,4.0
2017-05-20,9.6,21.4,15.6,0.0,221.0,4.0
2017-05-21,7.0,18.9,12.9,0.0,119.0,3.0
2017-05-22,10.7,20.5,16.1,0.0,102.0,2.0
2017-05-23,9.9,14.8,12.0,6.7,155.0,4.0
2017-05-24,11.9,20.8,16.6,0.0,247.0,2.0
2017-05-25,13.6,24.7,19.6,0.0,98.0,2.0
2017-05-26,13.1,21.0,16.1,10.7,126.0,3.0
2017-05-27,12.3,15.1,13.5,2.1,103.0,3.0
2017-05-28,13.2,22.8,18.1,0.0,242.0,2.0
2017-05-29,14.8,26.3,20.8,0.0,166.0,2.0
2017-05-30,12.9,19.5,15.3,8.7,119.0,4.0
2017-05-31,13.0,17.9,15.1,5.6,148.0,3.0
2017-06-01,14.3,23.4,18.3,2.1,218.0,3.0
2017-06-02,12.6,17.8,15.7,0.1,260.0,4.0
2017-06-03,9.7,15.3,11.8,1.0,275.0,4.0
2017-06-04,10.1,18.0,13.7,0.0,285.0,3.0
2017-06-05,14.0,23.1,17.6,0.0,232.0,2.0
2017-06-06,12.1,16.6,14.6,41.7,92.0,3.0
2017-06-07,11.1,16.5,13.2,14.7,129.0,3.0
2017-06-08,12.5,25.2,19.1,0.0,241.0,4.0
2017-06-09,16.4,28.4,22.5,0.0,241.0,3.0
2017-06-10,18.2,25.7,22.0,0.0,276.0,5.0
2017-06-11,15.1,25.4,20.9,0.0,186.0,2.0
2017-06-12,22.1,29.3,26.3,0.1,250.0,5.0
2017-06-13,20.9,31.4,26.8,0.3,249.0,4.0
2017-06-14,19.3,27.8,24.6,0.0,227.0,3.0
2017-06-15,13.2,21.7,17.1,0.0,117.0,3.0
2017-06-16,13.2,23.6,18.8,0.0,86.0,3.0
2017-06-17,14.7,18.7,17.0,29.0,154.0,3.0
2017-06-18,17.3,28.2,22.3,0.0,151.0,3.0
2017-06-19,21.9,31.4,26.6,0.0,173.0,3.0
2017-06-20,21.5,25.8,23.9,0.0,229.0,2.0
2017-06-21,17.7,23.9,21.0,14.5,240.0,3.0
2017-06-22,16.2,22.7,19.2,0.1,258.0,4.0
2017-06-23,16.5,24.6,20.9,0.0,253.0,3.0
2017-06-24,17.2,25.7,21.2,12.9,207.0,2.0
2017-06-25,18.7,26.4,22.2,0.0,271.0,3.0
2017-06-26,15.4,23.5,18.7,0.0,256.0,3.0
2017-06-27,14.1,22.3,18.5,1.9,268.0,3.0
2017-06-28,14.6,21.4,17.2,2.8,225.0,2.0
2017-06-29,14.3,22.3,18.2,0.0,264.0,4.0
2017-06-30,16.0,21.6,18.0,1.1,203.0,3.0
2017-07-01,16.3,23.3,19.8,8.8,143.0,2.0
2017-07-02,20.1,24.5,22.1,2.4,189.0,2.0
2017-07-03,18.8,23.8,21.0,0.0,255.0,4.0
2017-07-04,17.3,25.0,21.2,0.0,274.0,4.0
2017-07-05,18.2,27.7,22.8,0.0,245.0,2.0
2017-07-06,18.9,28.1,24.5,0.0,222.0,1.0
2017-07-07,20.6,28.5,25.1,0.0,219.0,3.0
2017-07-08,20.5,27.1,23.6,7.6,230.0,2.0
2017-07-09,17.3,24.2,20.6,29.0,211.0,3.0
2017-07-10,17.4,24.3,20.4,0.0,259.0,4.0
2017-07-11,18.0,24.7,21.6,1.3,236.0,2.0
2017-07-12,20.4,27.5,23.5,0.0,248.0,3.0
2017-07-13,16.7,21.7,19.3,0.0,102.0,3.0
2017-07-14,14.9,24.0,18.8,0.0,85.0,3.0
2017-07-15,16.1,21.3,18.5,5.2,106.0,2.0
2017-07-16,17.8,26.8,21.9,0.2,259.0,2.0
2017-07-17,20.2,26.6,23.4,0.0,226.0,3.0
2017-07-18,20.0,25.7,22.2,0.6,107.0,2.0
2017-07-19,19.3,29.1,24.4,0.0,223.0,2.0
2017-07-20,21.4,27.4,24.4,1.1,260.0,3.0
2017-07-21,21.7,28.9,24.3,0.0,247.0,2.0
2017-07-22,19.6,27.5,23.6,6.2,268.0,5.0
2017-07-23,18.2,26.0,22.1,0.0,193.0,2.0
2017-07-24,16.7,24.8,20.7,0.0,79.0,2.0
2017-07-25,14.2,20.3,16.4,15.4,88.0,3.0
2017-07-26,14.0,24.0,18.7,4.0,141.0,2.0
2017-07-27,17.0,23.8,21.1,0.0,227.0,2.0
2017-07-28,18.5,25.8,21.9,0.0,256.0,3.0
2017-07-29,17.0,25.0,20.9,0.0,257.0,2.0
2017-07-30,15.6,24.8,20.2,0.0,150.0,2.0
2017-07-31,17.1,26.8,22.7,0.0,255.0,2.0
2017-08-01,20.2,28.6,24.0,7.4,254.0,2.0
2017-08-02,19.6,28.4,24.2,0.0,229.0,2.0
2017-08-03,21.3,30.6,25.2,12.2,190.0,2.0
2017-08-04,20.4,28.2,24.2,0.0,184.0,2.0
2017-08-05,20.1,28.0,23.2,12.7,159.0,3.0
2017-08-06,17.9,25.1,21.0,10.8,225.0,3.0
2017-08-07,14.3,21.2,17.7,0.1,278.0,5.0
2017-08-08,15.2,22.2,18.5,1.2,151.0,2.0
2017-08-09,15.2,24.2,20.1,0.0,232.0,2.0
2017-08-10,18.2,24.1,21.1,0.0,263.0,4.0
2017-08-11,17.9,25.7,22.2,0.0,160.0,2.0
2017-08-12,20.1,28.3,24.1,0.2,151.0,2.0
2017-08-13,18.0,26.7,21.7,9.4,206.0,3.0
2017-08-14,18.1,26.5,22.3,1.1,277.0,4.0
2017-08-15,19.0,26.6,22.9,0.0,233.0,3.0
2017-08-16,18.3,25.5,21.7,5.5,238.0,3.0
2017-08-17,16.7,23.0,20.0,0.0,274.0,3.0
2017-08-18,17.4,25.6,21.6,0.0,237.0,3.0
2017-08-19,16.7,22.3,19.8,17.6,125.0,2.0
2017-08-20,21.3,26.3,23.1,0.0,240.0,3.0
2017-08-21,18.5,25.8,22.4,0.0,273.0,4.0
2017-08-22,20.4,28.4,24.6,0.0,258.0,4.0
2017-08-23,21.1,27.4,23.2,13.2,201.0,3.0
2017-08-24,17.0,22.6,19.7,0.0,267.0,5.0
2017-08-25,14.6,20.7,17.5,11.7,283.0,3.0
2017-08-26,13.8,21.6,17.5,23.1,284.0,3.0
2017-08-27,14.0,21.2,18.0,25.9,206.0,1.0
2017-08-28,13.6,22.6,18.7,34.9,167.0,1.0
2017-08-29,14.0,24.2,19.8,27.0,121.0,2.0
2017-08-30,17.0,24.3,20.2,22.6,154.0,2.0
2017-08-31,14.8,23.7,19.4,24.3,179.0,2.0
2017-09-01,10.5,19.8,16.1,12.9,282.0,4.0
2017-09-02,8.0,17.9,12.8,23.1,286.0,4.0
2017-09-03,11.3,21.1,16.2,0.0,190.0,2.0
2017-09-04,12.1,15.7,13.4,26.7,148.0,3.0
2017-09-05,13.5,24.9,18.8,1.1,231.0,3.0
2017-09-06,17.4,21.0,19.1,0.9,239.0,2.0
2017-09-07,15.5,18.1,17.0,0.0,158.0,2.0
2017-09-08,14.4,19.4,16.1,12.0,196.0,3.0
2017-09-09,13.3,18.2,15.1,0.0,274.0,4.0
2017-09-10,12.7,21.1,16.2,3.1,238.0,2.0
2017-09-11,11.4,20.3,15.9,0.0,282.0,3.0
2017-09-12,14.8,23.1,19.0,0.0,236.0,3.0
2017-09-13,15.2,24.2,19.6,0.0,254.0,4.0
2017-09-14,16.9,26.3,21.5,0.0,243.0,2.0
2017-09-15,18.8,28.4,23.4,0.0,196.0,1.0
2017-09-16,17.4,26.6,22.2,0.0,134.0,1.0
2017-09-17,20.5,27.0,23.6,0.0,235.0,2.0
2017-09-18,20.4,28.3,24.1,0.0,222.0,2.0
2017-09-19,16.8,26.9,22.0,0.0,117.0,1.0
2017-09-20,20.3,27.5,23.6,0.0,150.0,2.0
2017-09-21,19.0,26.3,22.1,0.0,116.0,2.0
2017-09-22,16.0,26.0,20.8,0.0,140.0,2.0
2017-09-23,15.6,26.5,21.2,0.0,177.0,2.0
2017-09-24,19.4,29.0,24.4,0.0,215.0,2.0
2017-09-25,21.1,31.0,26.2,0.0,215.0,2.0
2017-09-26,23.2,32.1,27.7,0.0,218.0,2.0
2017-09-27,23.9,30.3,27.5,0.0,229.0,1.0
2017-09-28,19.6,31.4,25.3,4.6,242.0,4.0
2017-09-29,11.2,19.6,14.7,0.0,288.0,3.0
2017-09-30,8.4,14.6,11.7,0.0,179.0,2.0
2017-10-01,7.4,15.9,11.9,0.0,207.0,3.0
2017-10-02,8.6,17.7,13.5,0.0,268.0,4.0
2017-10-03,12.1,19.9,15.7,0.0,162.0,2.0
2017-10-04,8.5,22.6,15.9,0.0,165.0,2.0
2017-10-05,14.5,25.1,19.5,7.3,234.0,3.0
2017-10-06,14.5,18.9,16.8,0.0,273.0,3.0
2017-10-07,13.4,18.5,15.7,0.0,253.0,2.0
2017-10-08,12.9,20.2,17.0,3.2,139.0,2.0
2017-10-09,19.1,23.7,21.1,7.6,223.0,4.0
2017-10-10,16.4,19.2,17.5,30.8,188.0,2.0
2017-10-11,15.1,21.5,17.7,0.0,267.0,4.0
2017-10-12,9.2,15.1,10.9,0.0,131.0,3.0
2017-10-13,7.3,16.0,11.6,0.0,86.0,2.0
2017-10-14,8.6,17.2,13.6,0.0,161.0,3.0
2017-10-15,14.1,18.8,16.6,0.1,235.0,2.0
2017-10-16,9.3,24.3,17.6,13.0,180.0,3.0
2017-10-17,5.0,9.4,7.2,0.0,283.0,3.0
2017-10-18,3.5,14.3,9.1,0.0,223.0,2.0
2017-10-19,11.2,19.1,15.1,0.0,246.0,3.0
2017-10-20,13.4,21.7,17.0,0.0,232.0,3.0
2017-10-21,10.2,17.5,14.1,0.0,272.0,5.0
2017-10-22,12.7,21.4,17.0,0.0,252.0,3.0
2017-10-23,10.6,19.9,15.1,0.0,167.0,1.0
2017-10-24,10.2,21.0,16.7,0.0,145.0,2.0
2017-10-25,15.9,23.6,18.3,27.1,162.0,2.0
2017-10-26,11.9,17.8,15.0,0.0,257.0,2.0
2017-10-27,9.2,12.6,11.0,1.9,283.0,3.0
2017-10-28,6.3,11.0,8.9,0.0,220.0,4.0
2017-10-29,6.9,18.5,13.9,0.0,144.0,2.0
2017-10-30,9.1,15.2,11.4,19.6,164.0,2.0
2017-10-31,7.1,19.3,11.4,2.2,197.0,5.0
2017-11-01,5.6,11.3,8.0,0.0,246.0,4.0
2017-11-02,4.7,10.0,6.6,1.3,167.0,2.0
2017-11-03,5.7,16.1,11.4,23.1,145.0,1.0
2017-11-04,5.0,16.4,11.4,12.7,267.0,4.0
2017-11-05,2.2,6.6,4.4,0.0,176.0,2.0
2017-11-06,2.4,13.1,8.5,8.6,121.0,4.0
2017-11-07,2.5,15.1,10.4,8.9,253.0,3.0
2017-11-08,1.2,4.4,2.9,0.0,276.0,2.0
2017-11-09,1.7,6.5,4.3,0.0,184.0,2.0
2017-11-10,1.4,8.3,5.7,2.5,177.0,3.0
2017-11-11,-8.4,1.7,-5.1,0.2,284.0,7.0
2017-11-12,-8.3,-1.5,-4.7,0.0,249.0,3.0
2017-11-13,-2.9,2.4,-0.4,0.0,99.0,2.0
2017-11-14,-2.5,1.6,-0.0,0.0,179.0,1.0
2017-11-15,1.1,3.7,2.4,0.0,116.0,2.0
2017-11-16,-0.1,6.4,3.3,0.0,138.0,3.0
2017-11-17,1.7,9.1,6.5,4.0,197.0,3.0
2017-11-18,-2.6,1.7,-0.9,0.2,285.0,5.0
2017-11-19,-4.1,1.7,-1.2,0.6,117.0,2.0
2017-11-20,-3.0,2.9,0.3,14.0,252.0,5.0
2017-11-21,-6.5,-2.7,-5.0,0.0,262.0,4.0
2017-11-22,-4.4,9.8,4.5,0.0,162.0,2.0
2017-11-23,-4.2,9.9,2.7,0.9,277.0,4.0
2017-11-24,-7.0,2.2,-2.8,0.0,246.0,3.0
2017-11-25,2.2,7.3,4.7,0.1,214.0,2.0
2017-11-26,3.7,7.4,6.3,6.3,231.0,2.0
2017-11-27,-3.4,3.9,-1.0,3.3,276.0,3.0
2017-11-28,-9.1,-0.4,-4.5,1.0,282.0,3.0
2017-11-29,-9.1,6.3,-1.3,0.0,145.0,3.0
2017-11-30,-2.3,9.1,3.9,1.0,264.0,3.0
2017-12-01,-4.3,5.6,0.8,2.5,138.0,3.0
2017-12-02,1.7,5.8,3.8,0.0,268.0,3.0
2017-12-03,1.4,3.6,2.3,0.0,114.0,2.0
2017-12-04,0.3,3.1,1.5,0.0,112.0,2.0
2017-12-05,-0.4,5.7,2.5,0.0,103.0,2.0
2017-12-06,5.7,10.6,8.4,8.6,151.0,4.0
2017-12-07,1.4,6.8,3.0,0.0,251.0,4.0
2017-12-08,-0.6,2.1,0.9,0.0,262.0,3.0
2017-12-09,-1.7,1.5,-0.1,0.1,233.0,3.0
2017-12-10,-1.1,0.5,-0.4,0.0,233.0,2.0
2017-12-11,-3.7,-0.8,-2.6,0.7,254.0,4.0
2017-12-12,-11.6,-2.3,-8.7,0.5,197.0,2.0
2017-12-13,-10.4,-5.9,-8.1,17.9,152.0,3.0
2017-12-14,-14.4,-6.2,-10.4,2.9,277.0,6.0
2017-12-15,-17.4,-13.6,-15.1,0.0,268.0,5.0
2017-12-16,-15.8,-9.0,-12.4,0.3,188.0,2.0
2017-12-17,-11.8,-7.3,-10.0,3.1,227.0,2.0
2017-12-18,-14.5,-10.6,-12.3,0.2,215.0,2.0
2017-12-19,-13.8,-8.8,-11.1,3.9,148.0,2.0
2017-12-20,-9.2,4.4,-2.1,7.6,190.0,2.0
2017-12-21,-10.1,2.2,-2.7,0.0,280.0,4.0
2017-12-22,-12.9,-9.4,-11.1,0.0,275.0,3.0
2017-12-23,-15.4,-10.8,-13.0,1.8,91.0,3.0
2017-12-24,-10.9,-4.6,-7.1,14.5,201.0,3.0
2017-12-25,-7.3,-3.8,-6.2,0.1,189.0,4.0
2017-12-26,-10.1,-5.4,-7.5,10.2,171.0,4.0
2017-12-27,-16.1,-5.6,-11.3,0.5,273.0,5.0
2017-12-28,-22.1,-15.9,-19.2,0.0,278.0,4.0
2017-12-29,-24.8,-20.0,-22.2,0.1,274.0,5.0
2017-12-30,-21.7,-17.7,-19.6,1.5,278.0,3.0
2017-12-31,-19.7,-16.2,-18.0,0.0,207.0,2.0
2018-01-01,-21.0,-17.5,-19.7,0.0,281.0,5.0
2018-01-02,-23.2,-18.3,-20.5,0.0,275.0,3.0
2018-01-03,-20.8,-11.2,-16.9,3.4,210.0,2.0
2018-01-04,-15.4,-6.2,-12.0,0.3,135.0,1.0
2018-01-05,-11.1,-6.1,-8.7,3.3,229.0,3.0
2018-01-06,-21.4,-9.9,-18.5,7.4,276.0,7.0
2018-01-07,-23.4,-19.5,-21.6,1.9,271.0,6.0
2018-01-08,-23.1,-10.8,-18.0,4.3,204.0,3.0
2018-01-09,-10.8,0.7,-5.6,10.9,158.0,3.0
2018-01-10,-6.0,1.0,-1.0,0.3,276.0,4.0
2018-01-11,-7.4,1.6,-4.3,0.6,153.0,2.0
2018-01-12,1.2,8.4,5.2,5.3,192.0,2.0
2018-01-13,-6.2,12.6,7.3,26.8,154.0,2.0
2018-01-14,-16.7,-6.2,-11.5,31.7,0.0,0.0
2018-01-15,-20.1,-16.0,-17.7,0.3,0.0,0.0
2018-01-16,-20.4,-13.6,-17.1,0.1,0.0,0.0
2018-01-17,-14.3,-8.5,-11.1,1.6,0.0,0.0
2018-01-18,-9.4,-4.6,-7.0,0.1,113.0,0.0
2018-01-19,-4.7,-2.4,-3.6,0.1,254.0,1.0
2018-01-20,-3.6,0.8,-1.6,0.3,234.0,3.0
2018-01-21,-0.7,5.1,3.5,0.0,253.0,4.0
2018-01-22,-5.1,2.8,-1.0,0.0,160.0,2.0
2018-01-23,-7.2,-3.9,-5.9,13.9,68.0,4.0
2018-01-24,-3.9,3.6,-1.5,12.7,177.0,2.0
2018-01-25,-12.0,3.4,-6.6,4.3,279.0,6.0
2018-01-26,-15.5,-9.3,-12.2,0.1,280.0,5.0
2018-01-27,-11.6,-6.0,-9.6,0.1,151.0,2.0
2018-01-28,-10.9,6.7,0.0,3.0,171.0,2.0
2018-01-29,-4.2,6.3,3.1,0.1,239.0,4.0
2018-01-30,-11.3,-4.2,-8.0,0.1,75.0,4.0
2018-01-31,-11.0,-6.2,-8.7,0.1,138.0,3.0
2018-02-01,-15.7,-4.5,-11.3,5.2,217.0,3.0
2018-02-02,-9.4,4.4,-1.4,0.2,176.0,2.0
2018-02-03,-16.1,-4.9,-13.2,0.2,287.0,4.0
2018-02-04,-16.7,-4.9,-11.3,0.4,202.0,2.0
2018-02-05,-5.8,0.4,-2.0,14.5,148.0,2.0
2018-02-06,-11.3,0.8,-6.8,2.8,254.0,4.0
2018-02-07,-8.1,-3.9,-5.8,1.2,245.0,3.0
2018-02-08,-10.8,-6.6,-9.3,13.2,180.0,2.0
2018-02-09,-12.3,-6.0,-8.7,0.3,261.0,3.0
2018-02-10,-10.7,-5.2,-7.6,0.6,210.0,3.0
2018-02-11,-7.8,-3.5,-5.2,7.8,224.0,1.0
2018-02-12,-6.5,4.1,-2.9,3.7,127.0,3.0
2018-02-13,-7.6,0.8,-4.3,0.2,278.0,5.0
2018-02-14,-10.2,-4.2,-7.1,0.1,238.0,2.0
2018-02-15,-5.3,5.7,1.0,0.0,226.0,3.0
2018-02-16,1.8,6.9,4.6,0.5,228.0,4.0
2018-02-17,-5.9,5.9,0.8,4.7,246.0,3.0
2018-02-18,-7.0,0.2,-3.9,0.1,214.0,2.0
2018-02-19,-3.1,3.0,0.1,0.1,257.0,3.0
2018-02-20,-0.9,6.5,2.9,1.3,154.0,3.0
2018-02-21,1.4,4.1,2.8,16.7,148.0,2.0
2018-02-22,0.1,12.8,5.6,1.7,247.0,3.0
2018-02-23,-6.2,0.1,-3.7,0.1,142.0,2.0
2018-02-24,-6.6,3.3,-1.7,5.9,128.0,2.0
2018-02-25,-0.8,4.7,3.0,0.1,260.0,3.0
2018-02-26,-2.4,5.7,1.3,7.0,132.0,3.0
2018-02-27,0.0,5.9,4.3,0.0,261.0,4.0
2018-02-28,-0.1,9.3,4.9,0.1,241.0,3.0
2018-03-01,1.6,8.4,5.5,0.0,158.0,3.0
2018-03-02,0.0,3.5,1.9,0.0,156.0,3.0
2018-03-03,-1.2,2.4,0.6,1.6,101.0,4.0
2018-03-04,1.7,6.9,3.7,0.0,183.0,3.0
2018-03-05,0.4,4.1,2.5,1.8,220.0,2.0
2018-03-06,-0.1,3.2,1.6,0.2,149.0,3.0
2018-03-07,-1.8,3.4,0.4,0.0,99.0,3.0
2018-03-08,-0.8,1.5,0.5,1.2,76.0,3.0
2018-03-09,-1.3,0.1,-0.7,5.8,67.0,3.0
2018-03-10,-1.4,3.5,0.2,2.1,234.0,2.0
2018-03-11,-3.0,2.2,-0.3,4.9,283.0,4.0
2018-03-12,-0.6,2.6,1.0,0.4,277.0,4.0
2018-03-13,0.1,4.2,2.0,0.0,150.0,2.0
2018-03-14,-0.4,3.5,0.8,10.5,112.0,3.0
2018-03-15,-0.0,1.4,0.6,17.2,265.0,3.0
2018-03-16,-1.4,3.8,0.7,3.2,287.0,6.0
2018-03-17,-6.0,-0.9,-3.8,0.1,283.0,6.0
2018-03-18,-11.1,-5.2,-7.7,0.2,277.0,4.0
2018-03-19,-13.5,-5.2,-8.9,0.1,281.0,3.0
2018-03-20,-11.1,-2.9,-6.9,0.0,278.0,3.0
2018-03-21,-7.6,-0.3,-4.5,0.0,216.0,2.0
2018-03-22,-5.7,3.0,-1.3,0.0,130.0,3.0
2018-03-23,-0.9,6.7,2.1,0.0,148.0,3.0
2018-03-24,0.4,6.8,3.6,0.0,239.0,2.0
2018-03-25,-2.2,2.2,0.7,0.0,239.0,2.0
2018-03-26,-1.5,2.4,0.5,0.0,187.0,3.0
2018-03-27,-1.7,6.5,2.8,0.0,86.0,2.0
2018-03-28,-0.0,7.8,4.6,0.0,127.0,4.0
2018-03-29,2.7,7.4,5.6,0.1,232.0,2.0
2018-03-30,4.8,11.0,7.3,1.7,117.0,2.0
2018-03-31,2.8,9.2,5.4,1.2,276.0,4.0
2018-04-01,1.1,10.3,5.9,0.2,224.0,3.0
2018-04-02,0.7,8.6,3.4,1.0,264.0,5.0
2018-04-03,-1.3,5.4,2.3,0.2,212.0,3.0
2018-04-04,1.3,7.9,4.6,0.6,144.0,3.0
2018-04-05,-6.5,8.0,1.6,25.6,177.0,4.0
2018-04-06,-9.5,-2.0,-5.8,0.4,279.0,6.0
2018-04-07,-3.3,4.6,0.1,0.6,163.0,3.0
2018-04-08,-0.9,3.4,1.2,0.7,266.0,5.0
2018-04-09,-2.9,2.1,-0.2,0.1,242.0,3.0
2018-04-10,,,,0.0,,
2018-04-11,,,,0.0,,
2018-04-12,3.7,8.0,5.8,0.0,206.0,3.0
2018-04-13,3.2,10.0,6.1,6.7,177.0,3.0
2018-04-14,3.9,10.2,7.2,0.1,272.0,2.0
2018-04-15,-3.1,7.9,0.1,0.1,91.0,4.0
2018-04-16,-5.4,0.7,-1.9,0.9,70.0,5.0
2018-04-17,-0.6,4.4,1.6,12.5,87.0,4.0
2018-04-18,0.9,3.4,2.5,2.0,254.0,4.0
2018-04-19,0.7,7.8,4.2,1.1,268.0,5.0
2018-04-20,2.0,5.6,3.6,0.5,283.0,4.0
2018-04-21,1.9,9.2,5.8,0.3,282.0,3.0
2018-04-22,3.4,12.5,8.2,0.2,286.0,3.0
2018-04-23,4.5,15.4,10.2,0.3,279.0,2.0
2018-04-24,7.2,18.8,13.8,0.3,171.0,1.0
2018-04-25,10.4,22.6,17.2,0.3,220.0,2.0
2018-04-26,11.7,17.0,13.6,27.4,135.0,2.0
2018-04-27,8.3,12.4,10.4,10.0,244.0,4.0
2018-04-28,8.0,14.1,11.1,0.1,171.0,3.0
2018-04-29,8.6,15.4,11.6,0.2,222.0,3.0
2018-04-30,6.3,10.0,7.3,15.3,293.0,2.0
2018-05-01,7.4,10.9,8.9,8.7,126.0,3.0
2018-05-02,8.3,18.6,13.9,0.8,243.0,2.0
2018-05-03,16.9,26.8,20.5,0.6,255.0,4.0
2018-05-04,13.6,18.5,16.6,16.4,202.0,2.0
2018-05-05,9.6,20.2,12.3,16.2,168.0,3.0
2018-05-06,7.9,21.2,14.9,1.5,248.0,4.0
2018-05-07,11.2,19.7,15.5,0.0,129.0,3.0
2018-05-08,6.0,15.8,11.3,0.0,148.0,3.0
2018-05-09,10.3,22.7,17.5,0.0,227.0,3.0
2018-05-10,13.3,27.5,20.9,0.0,112.0,2.0
2018-05-11,9.2,23.2,18.9,0.7,200.0,4.0
2018-05-12,4.2,13.2,8.6,0.2,274.0,3.0
2018-05-13,7.6,17.9,13.4,0.0,177.0,2.0
2018-05-14,8.9,22.5,17.2,0.0,151.0,2.0
2018-05-15,13.3,25.3,19.8,0.3,240.0,4.0
2018-05-16,11.1,21.6,17.6,0.4,237.0,4.0
2018-05-17,5.6,23.7,15.0,1.4,134.0,3.0
2018-05-18,10.7,19.3,15.3,0.0,114.0,3.0
2018-05-19,8.0,17.5,12.6,0.0,99.0,2.0
2018-05-20,9.7,20.5,13.6,6.9,139.0,3.0
2018-05-21,12.9,21.2,16.9,8.3,248.0,3.0
2018-05-22,13.4,25.7,19.5,0.0,263.0,4.0
2018-05-23,15.1,22.8,18.1,1.6,171.0,2.0
2018-05-24,12.2,24.9,18.1,0.0,244.0,3.0
2018-05-25,13.3,23.8,18.4,0.0,248.0,3.0
2018-05-26,18.2,26.0,21.4,0.4,254.0,5.0
2018-05-27,17.2,24.0,20.3,5.1,150.0,3.0
2018-05-28,12.6,20.3,16.2,0.5,128.0,4.0
2018-05-29,14.6,22.8,18.6,0.4,183.0,2.0
2018-05-30,19.1,26.4,22.1,0.0,144.0,2.0
2018-05-31,15.0,30.3,23.4,0.0,140.0,2.0
2018-06-01,20.8,30.1,24.9,0.0,166.0,3.0
2018-06-02,21.2,30.8,25.9,1.3,224.0,2.0
2018-06-03,16.0,25.2,20.3,0.0,104.0,4.0
2018-06-04,12.1,25.9,19.7,1.5,90.0,3.0
2018-06-05,9.5,16.2,12.5,23.9,159.0,4.0
2018-06-06,11.4,16.7,14.3,1.4,267.0,3.0
2018-06-07,12.0,17.8,14.8,0.0,159.0,2.0
2018-06-08,14.3,22.1,17.8,0.0,243.0,3.0
2018-06-09,15.7,23.2,19.4,0.0,269.0,3.0
2018-06-10,15.8,23.8,19.8,0.0,282.0,3.0
2018-06-11,13.7,21.4,17.5,0.0,147.0,2.0
2018-06-12,12.9,23.5,19.1,0.0,159.0,2.0
2018-06-13,16.0,27.3,22.2,0.0,238.0,4.0
2018-06-14,18.6,25.6,21.9,4.5,218.0,3.0
2018-06-15,13.3,18.6,15.7,9.4,170.0,3.0
2018-06-16,12.1,26.2,19.4,0.2,254.0,3.0
2018-06-17,17.5,28.5,23.7,0.0,268.0,4.0
2018-06-18,20.6,30.0,25.8,0.0,226.0,3.0
2018-06-19,20.4,29.5,24.4,27.4,250.0,3.0
2018-06-20,14.8,25.9,20.7,0.0,281.0,3.0
2018-06-21,17.4,26.6,21.7,0.0,263.0,4.0
2018-06-22,13.9,22.9,18.0,0.0,148.0,3.0
2018-06-23,15.7,25.7,21.2,0.0,153.0,2.0
2018-06-24,16.0,22.3,19.9,1.2,148.0,3.0
2018-06-25,15.5,23.6,17.8,6.9,169.0,2.0
2018-06-26,13.4,23.6,18.9,0.0,255.0,3.0
2018-06-27,15.5,24.4,20.6,0.0,231.0,2.0
2018-06-28,18.3,26.3,21.8,1.5,158.0,3.0
2018-06-29,17.5,23.5,20.8,0.4,164.0,2.0
2018-06-30,20.6,31.3,26.0,0.0,248.0,3.0
2018-07-01,24.0,32.0,27.7,0.0,237.0,4.0
2018-07-02,25.3,34.9,30.4,0.0,190.0,2.0
2018-07-03,24.4,36.4,30.7,0.0,227.0,3.0
2018-07-04,25.3,33.3,29.5,0.0,275.0,3.0
2018-07-05,25.4,35.0,30.7,0.0,213.0,2.0
2018-07-06,26.4,34.6,30.7,0.0,233.0,2.0
2018-07-07,18.0,28.9,22.4,2.2,281.0,4.0
2018-07-08,16.7,27.8,22.6,0.0,269.0,3.0
2018-07-09,20.2,29.2,24.6,0.0,241.0,4.0
2018-07-10,22.0,31.6,26.6,0.0,249.0,4.0
2018-07-11,21.4,29.8,25.7,1.0,228.0,3.0
2018-07-12,17.0,27.0,22.0,0.0,143.0,2.0
2018-07-13,19.2,27.9,23.8,0.0,135.0,2.0
2018-07-14,19.9,29.0,25.4,0.0,140.0,2.0
2018-07-15,21.5,28.9,25.3,0.0,216.0,2.0
2018-07-16,22.1,31.3,26.8,0.0,163.0,2.0
2018-07-17,22.4,33.0,28.2,0.0,149.0,2.0
2018-07-18,20.0,29.4,25.1,26.6,262.0,3.0
2018-07-19,17.1,25.6,20.9,0.0,276.0,3.0
2018-07-20,19.0,27.5,23.3,0.0,249.0,2.0
2018-07-21,21.1,31.1,26.4,0.0,144.0,2.0
2018-07-22,22.2,31.2,26.8,0.0,143.0,3.0
2018-07-23,18.3,27.5,22.7,3.7,98.0,3.0
2018-07-24,22.4,29.0,25.8,0.0,122.0,3.0
2018-07-25,23.5,30.5,26.7,1.2,151.0,3.0
2018-07-26,22.6,27.4,24.8,31.7,176.0,3.0
2018-07-27,22.0,28.8,25.1,0.3,244.0,2.0
2018-07-28,22.2,29.7,25.5,0.0,230.0,2.0
2018-07-29,20.0,27.4,23.5,3.2,249.0,3.0
2018-07-30,19.0,26.3,22.6,0.0,275.0,4.0
2018-07-31,19.7,28.8,24.4,0.0,249.0,3.0
2018-08-01,22.0,30.0,25.7,0.0,223.0,3.0
2018-08-02,23.2,28.4,25.3,8.8,161.0,3.0
2018-08-03,23.1,28.7,25.4,0.4,248.0,3.0
2018-08-04,23.7,27.8,25.6,0.0,209.0,2.0
2018-08-05,21.8,28.3,24.4,0.4,166.0,2.0
2018-08-06,22.2,32.7,27.3,0.1,218.0,2.0
2018-08-07,23.8,33.0,27.7,1.0,246.0,3.0
2018-08-08,23.1,28.7,25.5,0.5,264.0,3.0
2018-08-09,22.2,28.6,24.9,3.1,172.0,2.0
2018-08-10,21.6,27.9,24.3,2.2,279.0,4.0
2018-08-11,18.3,27.1,22.7,0.0,269.0,3.0
2018-08-12,19.3,27.9,24.3,0.0,156.0,2.0
2018-08-13,20.5,30.1,25.3,0.0,117.0,2.0
2018-08-14,22.2,30.2,26.3,0.0,114.0,1.0
2018-08-15,23.6,29.4,26.6,1.6,165.0,2.0
2018-08-16,22.7,28.8,25.2,0.0,263.0,3.0
2018-08-17,18.4,25.8,22.1,0.0,209.0,2.0
2018-08-18,18.8,24.4,21.3,3.8,144.0,2.0
2018-08-19,18.5,25.8,22.1,0.0,149.0,2.0
2018-08-20,18.5,28.2,23.5,0.0,143.0,2.0
2018-08-21,18.7,28.6,23.9,0.0,140.0,2.0
2018-08-22,19.9,26.3,23.3,0.0,148.0,3.0
2018-08-23,17.2,23.2,21.1,3.7,225.0,4.0
2018-08-24,15.2,25.4,20.7,0.0,268.0,4.0
2018-08-25,20.1,29.2,24.4,0.0,240.0,3.0
2018-08-26,20.9,29.1,25.0,0.0,171.0,2.0
2018-08-27,20.4,26.0,22.8,7.9,200.0,2.0
2018-08-28,21.5,26.7,24.5,5.2,239.0,2.0
2018-08-29,22.8,31.1,27.2,7.1,247.0,3.0
2018-08-30,23.2,32.2,26.2,0.7,220.0,3.0
2018-08-31,15.7,23.9,19.1,0.1,162.0,2.0
2018-09-01,13.3,24.7,19.2,0.0,108.0,2.0
2018-09-02,19.9,26.8,23.2,0.4,149.0,3.0
2018-09-03,20.9,25.9,23.3,8.6,173.0,2.0
2018-09-04,24.0,30.7,26.3,11.4,258.0,3.0
2018-09-05,21.2,27.1,24.1,0.1,154.0,2.0
2018-09-06,20.2,33.1,27.1,0.8,195.0,2.0
2018-09-07,18.1,29.1,23.5,0.0,238.0,3.0
2018-09-08,15.4,22.9,19.6,0.0,263.0,2.0
2018-09-09,11.9,18.6,15.0,0.0,158.0,3.0
2018-09-10,9.1,17.6,13.8,0.0,136.0,2.0
2018-09-11,9.8,18.6,14.3,8.6,115.0,3.0
2018-09-12,13.5,20.5,17.6,16.1,207.0,2.0
2018-09-13,18.4,25.4,21.3,0.0,196.0,1.0
2018-09-14,17.8,27.6,22.9,0.0,179.0,1.0
2018-09-15,18.7,29.0,23.9,0.0,127.0,2.0
2018-09-16,20.3,30.2,25.5,0.0,221.0,2.0
2018-09-17,21.9,27.7,24.8,0.0,132.0,2.0
2018-09-18,22.9,29.9,26.0,0.0,236.0,2.0
2018-09-19,11.6,26.8,20.2,0.0,178.0,3.0
2018-09-20,11.3,16.3,13.8,0.0,103.0,2.0
2018-09-21,10.8,17.4,14.3,0.0,136.0,2.0
2018-09-22,15.2,23.3,19.1,35.4,158.0,3.0
2018-09-23,11.2,21.5,14.3,0.0,277.0,4.0
2018-09-24,8.8,18.1,12.2,0.0,186.0,3.0
2018-09-25,3.9,15.1,10.1,0.0,77.0,3.0
2018-09-26,11.4,17.1,13.9,5.7,131.0,5.0
2018-09-27,14.9,23.1,19.5,6.9,205.0,2.0
2018-09-28,11.6,18.3,15.0,0.1,143.0,2.0
2018-09-29,13.8,21.3,17.1,0.0,176.0,3.0
2018-09-30,11.3,16.6,13.7,0.4,272.0,3.0
2018-10-01,9.0,13.5,11.2,0.0,271.0,2.0
2018-10-02,8.7,15.1,11.7,0.1,178.0,1.0
2018-10-03,8.1,11.5,9.9,6.6,71.0,3.0
2018-10-04,9.7,12.8,11.5,0.0,189.0,2.0
2018-10-05,9.4,24.6,16.3,0.4,208.0,3.0
2018-10-06,5.4,11.4,8.5,0.0,148.0,2.0
2018-10-07,6.6,12.0,9.5,0.0,128.0,2.0
2018-10-08,7.5,11.4,9.6,0.0,113.0,2.0
2018-10-09,6.7,11.5,8.8,18.8,119.0,2.0
2018-10-10,9.8,27.7,20.4,5.2,221.0,2.0
2018-10-11,9.3,23.8,14.8,5.2,130.0,3.0
2018-10-12,8.4,11.1,9.4,8.4,164.0,2.0
2018-10-13,7.7,12.1,10.2,0.1,280.0,4.0
2018-10-14,6.2,9.1,7.6,0.1,280.0,3.0
2018-10-15,5.8,13.1,9.7,0.0,249.0,2.0
2018-10-16,7.5,14.4,10.6,5.5,184.0,3.0
2018-10-17,4.5,9.5,7.3,0.6,264.0,5.0
2018-10-18,1.8,10.3,7.4,0.2,257.0,5.0
2018-10-19,0.3,5.4,3.0,0.2,280.0,5.0
2018-10-20,5.4,16.8,11.8,0.0,233.0,3.0
2018-10-21,4.6,14.4,10.9,0.3,261.0,4.0
2018-10-22,1.7,5.4,3.7,0.0,286.0,4.0
2018-10-23,1.2,6.6,3.8,0.0,239.0,2.0
2018-10-24,3.0,9.8,5.7,0.0,74.0,3.0
2018-10-25,2.1,8.4,5.2,1.3,234.0,3.0
2018-10-26,1.3,4.3,2.4,0.0,288.0,3.0
2018-10-27,-0.7,5.6,2.7,0.0,258.0,3.0
2018-10-28,-0.5,6.2,2.2,12.3,74.0,4.0
2018-10-29,1.3,5.5,3.4,8.2,159.0,2.0
2018-10-30,3.9,7.4,5.2,1.5,229.0,2.0
2018-10-31,2.8,5.0,4.0,0.0,275.0,4.0
2018-11-01,3.0,6.1,4.4,7.5,158.0,2.0
2018-11-02,5.1,9.0,6.8,5.2,203.0,2.0
2018-11-03,4.0,6.1,5.2,10.0,81.0,3.0
2018-11-04,3.6,5.8,4.9,14.8,268.0,4.0
2018-11-05,3.2,7.0,4.8,0.1,247.0,3.0
2018-11-06,1.6,7.1,4.6,6.3,109.0,3.0
2018-11-07,6.3,12.6,9.2,6.0,132.0,3.0
2018-11-08,7.4,14.7,10.7,0.5,259.0,5.0
2018-11-09,5.1,9.4,7.0,0.0,272.0,4.0
2018-11-10,1.3,5.1,3.0,12.0,145.0,3.0
2018-11-11,-0.7,6.0,3.1,6.5,235.0,6.0
2018-11-12,-2.9,0.6,-1.2,0.0,280.0,4.0
2018-11-13,-1.2,4.5,0.9,0.0,118.0,2.0
2018-11-14,-6.7,3.8,0.8,7.2,222.0,3.0
2018-11-15,-10.0,-6.6,-8.1,0.1,284.0,5.0
2018-11-16,-8.9,-3.8,-6.2,0.0,133.0,2.0
2018-11-17,-4.1,-1.9,-3.0,11.8,155.0,2.0
2018-11-18,-3.9,3.3,0.7,0.0,281.0,3.0
2018-11-19,-6.2,-1.1,-3.7,0.0,218.0,2.0
2018-11-20,-2.8,2.2,0.5,1.4,201.0,2.0
2018-11-21,-6.6,-2.5,-5.0,5.8,151.0,3.0
2018-11-22,-14.6,-1.9,-6.5,2.7,257.0,4.0
2018-11-23,-15.4,-8.4,-11.9,0.1,284.0,5.0
2018-11-24,-11.7,-2.4,-7.2,0.0,208.0,3.0
2018-11-25,-3.5,3.6,0.2,0.1,148.0,3.0
2018-11-26,0.3,5.4,2.8,20.5,152.0,1.0
2018-11-27,1.6,5.0,2.9,1.9,92.0,2.0
2018-11-28,0.4,2.5,1.2,12.1,90.0,2.0
2018-11-29,1.4,3.4,2.4,6.9,281.0,3.0
2018-11-30,1.9,3.9,2.6,0.0,284.0,3.0
2018-12-01,0.8,2.1,1.3,0.0,279.0,2.0
2018-12-02,0.1,1.6,0.7,0.0,210.0,2.0
2018-12-03,-0.4,6.4,2.8,17.1,112.0,2.0
2018-12-04,-0.2,5.8,2.4,9.8,230.0,2.0
2018-12-05,-4.5,-0.2,-3.4,0.0,287.0,4.0
2018-12-06,-5.9,-2.5,-4.3,0.5,156.0,1.0
2018-12-07,-3.5,1.6,-0.5,1.6,218.0,2.0
2018-12-08,-12.6,0.3,-7.2,0.1,282.0,4.0
2018-12-09,-13.6,-7.4,-10.5,0.1,252.0,2.0
2018-12-10,-8.6,0.8,-3.1,0.2,237.0,3.0
2018-12-11,-8.2,-1.3,-6.0,0.0,219.0,2.0
2018-12-12,-8.9,-5.2,-7.0,1.9,145.0,2.0
2018-12-13,-11.0,-6.8,-8.6,0.1,176.0,2.0
2018-12-14,-14.6,-6.4,-10.6,0.0,118.0,2.0
2018-12-15,-6.6,5.0,0.4,7.9,161.0,1.0
2018-12-16,0.0,6.0,4.4,0.0,243.0,2.0
2018-12-17,-0.2,44.5,1.4,0.0,112.0,2.0
2018-12-18,-6.4,2.6,0.3,1.0,250.0,3.0
2018-12-19,-7.6,-3.5,-6.1,0.2,290.0,5.0
2018-12-20,,,,0.0,,
2018-12-21,,,,0.0,,
2018-12-22,,,,0.0,,
2018-12-23,,,,0.0,,
2018-12-24,,,,0.0,,
2018-12-25,,,,0.0,,
2018-12-26,,,,0.0,,
2018-12-27,,,,0.0,,
2018-12-28,,,,0.0,,
2018-12-29,,,,0.0,,
2018-12-30,,,,0.0,,
2018-12-31,,,,0.0,,
