datetime,CDD,CWD,Prcp1,SDII,sum,mean,,year,month
1961-01-31,14.0,3.0,29.03225806451613,5.691111111111112,55.089999999999996,1.7770967741935482,5.691111111111111,1961,Jan
1961-02-28,12.0,3.0,28.57142857142857,9.895,80.86999999999999,2.888214285714285,9.895,1961,Feb
1961-03-31,16.0,3.0,25.806451612903224,11.868749999999999,97.58999999999996,3.148064516129031,11.86875,1961,Mar
1961-04-30,4.0,3.0,50.0,6.683333333333333,102.69999999999999,3.423333333333333,6.683333333333333,1961,Apr
1961-05-31,5.0,3.0,41.935483870967744,5.13,70.22,2.2651612903225806,5.130000000000001,1961,May
1961-06-30,5.0,2.0,31.03448275862069,9.553333333333335,88.08,3.0372413793103448,9.553333333333333,1961,Jun
1961-07-31,5.0,4.0,45.16129032258064,5.929285714285714,85.99,2.7738709677419355,5.929285714285714,1961,Jul
1961-08-31,5.0,3.0,32.25806451612903,14.508,146.57999999999998,4.728387096774193,14.508,1961,Aug
1961-09-30,13.0,2.0,13.333333333333334,5.6525,24.340000000000003,0.8113333333333335,5.6525,1961,Sep
1961-10-31,10.0,4.0,35.483870967741936,6.278181818181818,70.39999999999999,2.2709677419354835,6.278181818181818,1961,Oct
1961-11-30,4.0,4.0,46.666666666666664,5.843571428571428,83.66,2.7886666666666664,5.843571428571428,1961,Nov
1961-12-31,5.0,5.0,45.16129032258064,7.170714285714285,103.11999999999998,3.326451612903225,7.170714285714285,1961,Dec
1962-01-31,4.0,4.0,41.935483870967744,9.773846153846154,130.77999999999997,4.218709677419354,9.773846153846154,1962,Jan
1962-02-28,9.0,3.0,42.857142857142854,9.536666666666667,117.64000000000001,4.201428571428572,9.536666666666667,1962,Feb
1962-03-31,15.0,3.0,25.806451612903224,5.14625,42.48999999999999,1.370645161290322,5.146249999999999,1962,Mar
1962-04-30,6.0,5.0,50.0,9.292,140.79,4.693,9.292,1962,Apr
1962-05-31,7.0,3.0,29.03225806451613,4.688888888888889,44.739999999999995,1.4432258064516128,4.688888888888889,1962,May
1962-06-30,9.0,2.0,23.333333333333332,11.732857142857142,84.15999999999998,2.8053333333333326,11.732857142857142,1962,Jun
1962-07-31,8.0,3.0,38.70967741935484,11.207500000000001,137.17000000000002,4.42483870967742,11.207500000000001,1962,Jul
1962-08-31,6.0,2.0,29.03225806451613,6.9433333333333325,66.75999999999999,2.153548387096774,6.943333333333333,1962,Aug
1962-09-30,7.0,3.0,36.666666666666664,6.684545454545454,75.16999999999999,2.505666666666666,6.684545454545454,1962,Sep
1962-10-31,4.0,5.0,54.83870967741935,7.714117647058824,132.98999999999998,4.289999999999999,7.714117647058824,1962,Oct
1962-11-30,9.0,2.0,20.0,7.585,48.28999999999999,1.6096666666666664,7.585,1962,Nov
1962-12-31,4.0,4.0,48.38709677419355,6.654,104.03999999999999,3.3561290322580644,6.654,1962,Dec
1963-01-31,6.0,2.0,35.483870967741936,5.636363636363636,67.45999999999998,2.1761290322580638,5.636363636363637,1963,Jan
1963-02-28,5.0,4.0,42.857142857142854,8.480833333333335,104.8,3.742857142857143,8.480833333333335,1963,Feb
1963-03-31,5.0,3.0,29.03225806451613,10.045555555555556,94.77999999999999,3.0574193548387094,10.045555555555554,1963,Mar
1963-04-30,7.0,4.0,36.666666666666664,8.297272727272729,93.24,3.1079999999999997,8.297272727272727,1963,Apr
1963-05-31,8.0,2.0,29.03225806451613,11.024444444444445,104.13999999999997,3.3593548387096765,11.024444444444445,1963,May
1963-06-30,6.0,4.0,33.33333333333333,9.661,98.77999999999999,3.2926666666666664,9.661,1963,Jun
1963-07-31,10.0,1.0,19.35483870967742,10.928333333333333,68.27,2.202258064516129,10.928333333333333,1963,Jul
1963-08-31,4.0,4.0,58.06451612903226,8.832777777777777,160.63000000000002,5.181612903225807,8.832777777777777,1963,Aug
1963-09-30,22.0,1.0,10.344827586206897,16.683333333333334,52.080000000000005,1.7958620689655174,16.683333333333334,1963,Sep
1963-10-31,20.0,1.0,9.67741935483871,5.069999999999999,15.809999999999999,0.51,5.069999999999999,1963,Oct
1963-11-30,5.0,6.0,50.0,10.412666666666667,159.95999999999998,5.331999999999999,10.412666666666667,1963,Nov
1963-12-31,9.0,3.0,32.25806451612903,5.371,58.71999999999999,1.8941935483870964,5.371,1963,Dec
1964-01-31,5.0,3.0,45.16129032258064,9.128571428571428,129.9,4.190322580645161,9.128571428571428,1964,Jan
1964-02-29,6.0,3.0,31.03448275862069,5.495555555555556,50.69000000000001,1.747931034482759,5.495555555555557,1964,Feb
1964-03-31,8.0,2.0,25.806451612903224,9.52,78.26999999999998,2.524838709677419,9.52,1964,Mar
1964-04-30,8.0,3.0,23.333333333333332,9.084285714285715,68.26999999999998,2.275666666666666,9.084285714285715,1964,Apr
1964-05-31,8.0,4.0,35.483870967741936,4.255454545454545,49.13999999999999,1.5851612903225805,4.255454545454546,1964,May
1964-06-30,15.0,1.0,13.333333333333334,8.1475,36.28000000000001,1.2093333333333336,8.1475,1964,Jun
1964-07-31,5.0,3.0,38.70967741935484,10.236666666666666,125.1,4.035483870967742,10.236666666666666,1964,Jul
1964-08-31,11.0,2.0,29.03225806451613,10.975555555555557,102.77000000000001,3.315161290322581,10.975555555555555,1964,Aug
1964-09-30,15.0,1.0,13.333333333333334,8.485,37.52,1.2506666666666668,8.485,1964,Sep
1964-10-31,6.0,2.0,35.483870967741936,4.3590909090909085,49.88999999999999,1.6093548387096772,4.3590909090909085,1964,Oct
1964-11-30,5.0,4.0,36.666666666666664,7.7681818181818185,89.38999999999997,2.979666666666666,7.768181818181817,1964,Nov
1964-12-31,5.0,5.0,54.83870967741935,6.362941176470589,110.86000000000001,3.576129032258065,6.362941176470589,1964,Dec
1965-01-31,7.0,5.0,32.25806451612903,7.606,78.72999999999999,2.5396774193548386,7.605999999999999,1965,Jan
1965-02-28,7.0,4.0,46.42857142857143,7.336153846153845,99.05999999999997,3.537857142857142,7.336153846153845,1965,Feb
1965-03-31,17.0,2.0,16.129032258064516,3.7439999999999998,20.94,0.675483870967742,3.7439999999999998,1965,Mar
1965-04-30,6.0,2.0,26.666666666666668,8.49125,68.65,2.2883333333333336,8.49125,1965,Apr
1965-05-31,7.0,4.0,32.25806451612903,4.952,51.529999999999994,1.662258064516129,4.952,1965,May
1965-06-30,9.0,2.0,16.666666666666664,3.7960000000000003,22.13,0.7376666666666666,3.7960000000000003,1965,Jun
1965-07-31,9.0,3.0,29.03225806451613,9.95,93.50999999999999,3.0164516129032255,9.95,1965,Jul
1965-08-31,3.0,6.0,61.29032258064516,8.92315789473684,170.85999999999999,5.511612903225806,8.92315789473684,1965,Aug
1965-09-30,5.0,4.0,31.03448275862069,6.137777777777777,59.31999999999999,2.04551724137931,6.137777777777778,1965,Sep
1965-10-31,5.0,3.0,54.83870967741935,8.21764705882353,141.01999999999998,4.549032258064516,8.217647058823529,1965,Oct
1965-11-30,6.0,5.0,43.333333333333336,12.583076923076923,166.1,5.536666666666666,12.583076923076923,1965,Nov
1965-12-31,7.0,5.0,48.38709677419355,4.160666666666668,67.0,2.161290322580645,4.160666666666667,1965,Dec
1966-01-31,4.0,2.0,48.38709677419355,8.172666666666666,126.00999999999999,4.064838709677419,8.172666666666666,1966,Jan
1966-02-28,8.0,2.0,35.714285714285715,7.058,74.21,2.6503571428571426,7.058,1966,Feb
1966-03-31,10.0,2.0,22.58064516129032,11.73142857142857,88.27,2.8474193548387094,11.73142857142857,1966,Mar
1966-04-30,9.0,4.0,26.666666666666668,2.975,27.370000000000005,0.9123333333333334,2.975,1966,Apr
1966-05-31,12.0,5.0,35.483870967741936,3.7263636363636365,44.25999999999999,1.4277419354838707,3.7263636363636365,1966,May
1966-06-30,8.0,3.0,26.666666666666668,10.0125,83.72999999999998,2.790999999999999,10.0125,1966,Jun
1966-07-31,6.0,2.0,25.806451612903224,9.31125,76.79999999999998,2.4774193548387093,9.31125,1966,Jul
1966-08-31,7.0,2.0,26.666666666666668,9.41375,79.44999999999997,2.6483333333333325,9.413749999999999,1966,Aug
1966-09-30,7.0,3.0,30.0,9.348888888888888,85.96999999999998,2.8656666666666664,9.348888888888888,1966,Sep
1966-10-31,11.0,3.0,22.58064516129032,6.764285714285715,50.88999999999999,1.6416129032258062,6.764285714285715,1966,Oct
1966-11-30,5.0,3.0,40.0,8.413333333333332,104.26,3.4753333333333334,8.413333333333334,1966,Nov
1966-12-31,5.0,5.0,48.38709677419355,9.542666666666666,148.44999999999996,4.788709677419353,9.542666666666666,1966,Dec
1967-01-31,3.0,3.0,51.61290322580645,4.52375,76.27999999999999,2.460645161290322,4.52375,1967,Jan
1967-02-28,6.0,3.0,46.42857142857143,5.646923076923077,74.91000000000001,2.6753571428571434,5.646923076923077,1967,Feb
1967-03-31,7.0,2.0,16.129032258064516,3.442,20.87,0.6732258064516129,3.442,1967,Mar
1967-04-30,8.0,4.0,33.33333333333333,7.433,77.47999999999999,2.5826666666666664,7.432999999999998,1967,Apr
1967-05-31,11.0,5.0,35.483870967741936,5.774545454545454,65.82999999999998,2.1235483870967737,5.774545454545454,1967,May
1967-06-30,6.0,4.0,33.33333333333333,12.448000000000002,127.6,4.253333333333333,12.448000000000002,1967,Jun
1967-07-31,7.0,2.0,25.806451612903224,8.7775,73.67,2.376451612903226,8.777500000000002,1967,Jul
1967-08-31,6.0,2.0,32.25806451612903,7.936,82.50999999999999,2.661612903225806,7.936,1967,Aug
1967-09-30,11.0,3.0,33.33333333333333,6.052,61.419999999999995,2.047333333333333,6.052,1967,Sep
1967-10-31,5.0,4.0,35.483870967741936,6.863636363636363,79.75999999999999,2.5729032258064515,6.863636363636362,1967,Oct
1967-11-30,6.0,5.0,50.0,6.591333333333335,100.67,3.3556666666666666,6.591333333333335,1967,Nov
1967-12-31,5.0,2.0,35.483870967741936,9.67909090909091,109.58999999999997,3.5351612903225798,9.679090909090908,1967,Dec
1968-01-31,6.0,3.0,38.70967741935484,4.883333333333334,61.63,1.9880645161290322,4.883333333333334,1968,Jan
1968-02-29,5.0,3.0,44.827586206896555,3.427692307692307,47.94999999999999,1.6534482758620686,3.427692307692307,1968,Feb
1968-03-31,11.0,5.0,35.483870967741936,8.544545454545455,97.26000000000002,3.1374193548387104,8.544545454545457,1968,Mar
1968-04-30,19.0,3.0,16.666666666666664,12.468,66.12,2.204,12.468,1968,Apr
1968-05-31,8.0,6.0,29.03225806451613,5.963333333333334,56.099999999999994,1.8096774193548386,5.963333333333335,1968,May
1968-06-30,4.0,3.0,46.666666666666664,6.512142857142856,93.50999999999999,3.1169999999999995,6.512142857142856,1968,Jun
1968-07-31,6.0,2.0,35.483870967741936,4.565454545454545,51.959999999999994,1.6761290322580644,4.565454545454545,1968,Jul
1968-08-31,7.0,2.0,25.806451612903224,8.686250000000001,72.85,2.3499999999999996,8.686250000000001,1968,Aug
1968-09-30,8.0,3.0,26.666666666666668,8.18125,67.87999999999998,2.262666666666666,8.18125,1968,Sep
1968-10-31,8.0,3.0,32.25806451612903,7.061,74.06,2.3890322580645162,7.061000000000002,1968,Oct
1968-11-30,5.0,4.0,46.666666666666664,8.517857142857144,123.63,4.1209999999999996,8.517857142857144,1968,Nov
1968-12-31,7.0,3.0,48.38709677419355,9.402666666666667,143.97999999999996,4.644516129032257,9.402666666666667,1968,Dec
1969-01-31,5.0,5.0,38.70967741935484,7.915,98.03999999999999,3.16258064516129,7.915,1969,Jan
1969-02-28,8.0,3.0,28.57142857142857,4.0112499999999995,34.04,1.2157142857142857,4.01125,1969,Feb
1969-03-31,10.0,3.0,32.25806451612903,5.401000000000001,57.43000000000001,1.8525806451612905,5.401000000000001,1969,Mar
1969-04-30,5.0,2.0,33.33333333333333,10.818000000000001,110.19,3.673,10.818000000000001,1969,Apr
1969-05-31,6.0,6.0,48.38709677419355,6.715333333333333,102.64999999999999,3.311290322580645,6.715333333333333,1969,May
1969-06-30,7.0,2.0,43.333333333333336,9.557692307692308,126.25999999999999,4.208666666666667,9.557692307692308,1969,Jun
1969-07-31,10.0,4.0,35.483870967741936,5.814545454545455,64.77,2.0893548387096774,5.814545454545455,1969,Jul
1969-08-31,8.0,3.0,29.03225806451613,10.448888888888888,97.55,3.146774193548387,10.44888888888889,1969,Aug
1969-09-30,6.0,3.0,31.03448275862069,7.593333333333334,71.27999999999999,2.4579310344827583,7.593333333333334,1969,Sep
1969-10-31,6.0,4.0,38.70967741935484,5.091666666666666,63.14,2.036774193548387,5.091666666666668,1969,Oct
1969-11-30,4.0,7.0,53.333333333333336,7.401875,123.67999999999998,4.122666666666666,7.401875,1969,Nov
1969-12-31,6.0,3.0,35.483870967741936,12.608181818181821,142.74,4.604516129032258,12.608181818181821,1969,Dec
1970-01-31,6.0,2.0,29.03225806451613,3.7666666666666666,38.91000000000001,1.255161290322581,3.7666666666666675,1970,Jan
1970-02-28,5.0,3.0,46.42857142857143,4.589230769230769,61.760000000000005,2.205714285714286,4.589230769230769,1970,Feb
1970-03-31,5.0,5.0,45.16129032258064,4.014285714285714,58.81000000000001,1.8970967741935487,4.014285714285714,1970,Mar
1970-04-30,11.0,3.0,23.333333333333332,10.135714285714286,72.27,2.409,10.135714285714286,1970,Apr
1970-05-31,5.0,2.0,32.25806451612903,5.608,59.349999999999994,1.9145161290322579,5.608,1970,May
1970-06-30,11.0,2.0,26.666666666666668,6.45125,54.730000000000004,1.8243333333333334,6.45125,1970,Jun
1970-07-31,7.0,3.0,29.03225806451613,6.415555555555557,61.28,1.9767741935483871,6.415555555555555,1970,Jul
1970-08-31,7.0,2.0,30.0,6.067777777777778,56.440000000000005,1.8813333333333335,6.067777777777779,1970,Aug
1970-09-30,5.0,3.0,40.0,10.259166666666667,126.25999999999999,4.208666666666667,10.259166666666667,1970,Sep
1970-10-31,8.0,3.0,29.03225806451613,9.742222222222223,90.32000000000001,2.913548387096774,9.742222222222223,1970,Oct
1970-11-30,9.0,7.0,50.0,5.709333333333333,88.39999999999999,2.9466666666666663,5.709333333333333,1970,Nov
1970-12-31,3.0,5.0,51.61290322580645,8.6925,142.11,4.5841935483870975,8.692500000000003,1970,Dec
1971-01-31,4.0,5.0,51.61290322580645,5.82,96.63,3.117096774193548,5.819999999999999,1971,Jan
1971-02-28,4.0,3.0,46.42857142857143,12.586153846153847,166.89,5.960357142857142,12.586153846153847,1971,Feb
1971-03-31,8.0,3.0,30.0,5.156666666666667,48.809999999999995,1.6269999999999998,5.156666666666666,1971,Mar
1971-04-30,4.0,3.0,43.333333333333336,3.9446153846153846,54.42999999999999,1.8143333333333331,3.9446153846153846,1971,Apr
1971-05-31,7.0,3.0,29.03225806451613,4.704444444444444,45.25,1.4596774193548387,4.704444444444444,1971,May
1971-06-30,8.0,2.0,26.666666666666668,6.3725,52.89999999999999,1.763333333333333,6.3725,1971,Jun
1971-07-31,6.0,1.0,22.58064516129032,8.412857142857144,62.43,2.0138709677419353,8.412857142857144,1971,Jul
1971-08-31,5.0,2.0,32.25806451612903,10.92,111.33,3.591290322580645,10.92,1971,Aug
1971-09-30,5.0,4.0,36.666666666666664,7.4290909090909105,84.05999999999999,2.8019999999999996,7.4290909090909105,1971,Sep
1971-10-31,10.0,3.0,22.58064516129032,5.74,44.22999999999998,1.4267741935483866,5.74,1971,Oct
1971-11-30,6.0,4.0,46.666666666666664,5.215000000000001,75.25999999999999,2.508666666666666,5.214999999999999,1971,Nov
1971-12-31,3.0,5.0,51.61290322580645,6.515625,107.1,3.454838709677419,6.515625000000001,1971,Dec
1972-01-31,4.0,6.0,41.935483870967744,4.3053846153846145,60.319999999999986,1.9458064516129028,4.3053846153846145,1972,Jan
1972-02-29,7.0,6.0,51.724137931034484,7.950000000000001,119.97000000000001,4.1368965517241385,7.950000000000002,1972,Feb
1972-03-31,8.0,3.0,35.483870967741936,11.003636363636364,125.02999999999997,4.033225806451612,11.003636363636364,1972,Mar
1972-04-30,7.0,3.0,30.0,6.99,65.58,2.186,6.99,1972,Apr
1972-05-31,11.0,5.0,32.25806451612903,7.2379999999999995,73.99999999999997,2.3870967741935476,7.2379999999999995,1972,May
1972-06-30,4.0,7.0,46.666666666666664,10.197142857142856,143.35999999999999,4.778666666666666,10.197142857142856,1972,Jun
1972-07-31,6.0,6.0,48.38709677419355,10.993333333333332,166.01,5.35516129032258,10.993333333333332,1972,Jul
1972-08-31,4.0,4.0,41.935483870967744,10.286153846153844,134.61999999999995,4.342580645161289,10.286153846153844,1972,Aug
1972-09-30,7.0,2.0,23.333333333333332,9.794285714285715,72.61000000000001,2.4203333333333337,9.794285714285715,1972,Sep
1972-10-31,5.0,4.0,41.935483870967744,6.862307692307693,91.75999999999999,2.9599999999999995,6.862307692307693,1972,Oct
1972-11-30,6.0,4.0,40.0,8.795,108.09,3.603,8.795,1972,Nov
1972-12-31,2.0,4.0,67.74193548387096,9.645238095238094,204.74000000000004,6.604516129032259,9.645238095238096,1972,Dec
1973-01-31,8.0,3.0,38.70967741935484,6.578333333333333,82.78000000000002,2.670322580645162,6.578333333333333,1973,Jan
1973-02-28,6.0,2.0,28.57142857142857,9.649999999999999,81.03999999999999,2.894285714285714,9.649999999999999,1973,Feb
1973-03-31,9.0,4.0,41.935483870967744,8.05076923076923,106.90999999999998,3.4487096774193544,8.05076923076923,1973,Mar
1973-04-30,9.0,5.0,40.0,6.996666666666666,84.67999999999998,2.8226666666666658,6.996666666666666,1973,Apr
1973-05-31,6.0,5.0,54.83870967741935,7.563529411764707,130.08,4.196129032258065,7.563529411764707,1973,May
1973-06-30,7.0,3.0,36.666666666666664,8.942727272727272,100.67999999999999,3.356,8.942727272727272,1973,Jun
1973-07-31,9.0,3.0,22.58064516129032,11.384285714285715,82.72000000000001,2.668387096774194,11.384285714285715,1973,Jul
1973-08-31,9.0,2.0,22.58064516129032,13.182857142857143,96.72,3.12,13.182857142857143,1973,Aug
1973-09-30,8.0,2.0,23.333333333333332,13.704285714285716,98.53999999999998,3.284666666666666,13.704285714285716,1973,Sep
1973-10-31,9.0,2.0,22.58064516129032,8.651428571428571,64.87999999999997,2.0929032258064506,8.651428571428571,1973,Oct
1973-11-30,5.0,4.0,43.333333333333336,5.2761538461538455,71.95,2.3983333333333334,5.2761538461538455,1973,Nov
1973-12-31,3.0,5.0,61.29032258064516,9.583157894736843,185.08,5.970322580645162,9.583157894736845,1973,Dec
1974-01-31,3.0,3.0,51.61290322580645,5.194374999999999,87.82,2.8329032258064513,5.194374999999999,1974,Jan
1974-02-28,10.0,2.0,21.428571428571427,8.343333333333332,54.17,1.934642857142857,8.343333333333332,1974,Feb
1974-03-31,5.0,4.0,41.935483870967744,8.866923076923076,118.02999999999997,3.807419354838709,8.866923076923076,1974,Mar
1974-04-30,7.0,3.0,43.333333333333336,8.235384615384614,110.59999999999998,3.686666666666666,8.235384615384614,1974,Apr
1974-05-31,6.0,3.0,45.16129032258064,7.9750000000000005,115.15999999999998,3.714838709677419,7.9750000000000005,1974,May
1974-06-30,6.0,3.0,33.33333333333333,6.979000000000001,73.02999999999999,2.434333333333333,6.979000000000001,1974,Jun
1974-07-31,8.0,3.0,38.70967741935484,12.756666666666668,155.18000000000004,5.005806451612904,12.756666666666668,1974,Jul
1974-08-31,9.0,3.0,19.35483870967742,6.09,38.93999999999998,1.256129032258064,6.09,1974,Aug
1974-09-30,5.0,2.0,36.666666666666664,4.5,52.13999999999999,1.7379999999999998,4.5,1974,Sep
1974-10-31,9.0,1.0,19.35483870967742,4.7749999999999995,32.22,1.0393548387096774,4.7749999999999995,1974,Oct
1974-11-30,8.0,3.0,36.666666666666664,8.845454545454546,100.45,3.3483333333333336,8.845454545454546,1974,Nov
1974-12-31,4.0,4.0,45.16129032258064,7.925714285714286,114.88999999999999,3.706129032258064,7.925714285714287,1974,Dec
1975-01-31,4.0,4.0,45.16129032258064,5.891428571428572,86.31999999999998,2.7845161290322573,5.891428571428571,1975,Jan
1975-02-28,4.0,3.0,42.857142857142854,4.845000000000001,60.78000000000001,2.170714285714286,4.845000000000001,1975,Feb
1975-03-31,4.0,3.0,38.70967741935484,7.807500000000001,97.26,3.13741935483871,7.807500000000001,1975,Mar
1975-04-30,12.0,4.0,20.0,11.966666666666667,74.13999999999999,2.471333333333333,11.966666666666667,1975,Apr
1975-05-31,9.0,2.0,25.806451612903224,9.716249999999999,78.62999999999998,2.536451612903225,9.716249999999999,1975,May
1975-06-30,11.0,4.0,30.0,10.124444444444444,93.16,3.1053333333333333,10.124444444444444,1975,Jun
1975-07-31,6.0,3.0,41.935483870967744,12.557692307692308,164.35999999999999,5.301935483870968,12.557692307692308,1975,Jul
1975-08-31,8.0,3.0,32.25806451612903,9.257,94.39999999999999,3.0451612903225804,9.257,1975,Aug
1975-09-30,3.0,4.0,51.724137931034484,10.819999999999999,164.64,5.6772413793103444,10.819999999999999,1975,Sep
1975-10-31,7.0,6.0,41.935483870967744,7.383076923076923,97.60000000000001,3.148387096774194,7.383076923076923,1975,Oct
1975-11-30,6.0,3.0,36.666666666666664,12.444545454545453,140.37,4.679,12.444545454545453,1975,Nov
1975-12-31,3.0,3.0,45.16129032258064,9.94,143.32999999999998,4.623548387096774,9.94,1975,Dec
1976-01-31,3.0,6.0,54.83870967741935,8.378823529411765,144.93,4.675161290322581,8.378823529411765,1976,Jan
1976-02-29,3.0,5.0,62.06896551724138,7.76111111111111,142.85,4.925862068965517,7.76111111111111,1976,Feb
1976-03-31,3.0,5.0,54.83870967741935,6.619411764705882,114.41999999999996,3.6909677419354825,6.619411764705881,1976,Mar
1976-04-30,9.0,3.0,30.0,10.08222222222222,92.06,3.0686666666666667,10.08222222222222,1976,Apr
1976-05-31,7.0,4.0,48.38709677419355,8.425333333333334,130.46,4.208387096774194,8.425333333333334,1976,May
1976-06-30,4.0,3.0,40.0,7.339166666666665,91.75999999999999,3.0586666666666664,7.339166666666666,1976,Jun
1976-07-31,5.0,3.0,41.935483870967744,8.453846153846154,113.13999999999999,3.6496774193548385,8.453846153846152,1976,Jul
1976-08-31,4.0,3.0,41.935483870967744,6.614615384615385,88.08999999999997,2.8416129032258057,6.614615384615385,1976,Aug
1976-09-30,6.0,2.0,40.0,9.61,116.94,3.898,9.61,1976,Sep
1976-10-31,7.0,2.0,32.25806451612903,12.058000000000002,124.95999999999998,4.030967741935483,12.058000000000002,1976,Oct
1976-11-30,4.0,4.0,53.333333333333336,3.3731250000000004,58.440000000000005,1.9480000000000002,3.373125,1976,Nov
1976-12-31,5.0,3.0,29.03225806451613,6.337777777777777,63.01000000000001,2.032580645161291,6.337777777777778,1976,Dec
1977-01-31,6.0,2.0,35.483870967741936,7.049090909090908,82.94,2.6754838709677418,7.049090909090908,1977,Jan
1977-02-28,5.0,4.0,35.714285714285715,6.218999999999999,67.92,2.4257142857142857,6.218999999999999,1977,Feb
1977-03-31,7.0,3.0,29.03225806451613,10.052222222222223,95.81000000000002,3.090645161290323,10.052222222222225,1977,Mar
1977-04-30,7.0,4.0,33.33333333333333,7.428999999999999,76.32999999999998,2.544333333333333,7.428999999999999,1977,Apr
1977-05-31,22.0,1.0,9.67741935483871,8.19,25.72,0.8296774193548386,8.19,1977,May
1977-06-30,8.0,3.0,33.33333333333333,10.853,113.77000000000001,3.7923333333333336,10.853,1977,Jun
1977-07-31,7.0,2.0,32.25806451612903,7.476000000000001,76.24,2.459354838709677,7.475999999999999,1977,Jul
1977-08-31,4.0,3.0,41.935483870967744,6.494615384615386,87.01,2.8067741935483874,6.494615384615386,1977,Aug
1977-09-30,7.0,4.0,46.666666666666664,10.573571428571428,152.06999999999996,5.068999999999999,10.573571428571428,1977,Sep
1977-10-31,9.0,4.0,35.483870967741936,10.480000000000002,118.25,3.814516129032258,10.479999999999999,1977,Oct
1977-11-30,3.0,3.0,40.0,8.431666666666667,106.73,3.557666666666667,8.431666666666667,1977,Nov
1977-12-31,5.0,5.0,41.935483870967744,7.1246153846153835,96.47999999999996,3.1122580645161277,7.1246153846153835,1977,Dec
1978-01-31,4.0,4.0,48.38709677419355,9.292666666666666,144.45000000000002,4.659677419354839,9.292666666666666,1978,Jan
1978-02-28,21.0,1.0,3.571428571428571,12.97,17.24000000000001,0.615714285714286,12.97,1978,Feb
1978-03-31,10.0,3.0,29.03225806451613,13.091111111111111,120.82999999999998,3.8977419354838703,13.091111111111111,1978,Mar
1978-04-30,9.0,3.0,30.0,7.82888888888889,73.3,2.4433333333333334,7.82888888888889,1978,Apr
1978-05-31,9.0,2.0,25.806451612903224,5.577500000000001,47.410000000000004,1.5293548387096776,5.5775,1978,May
1978-06-30,4.0,3.0,40.0,7.577500000000001,93.35000000000001,3.111666666666667,7.577500000000001,1978,Jun
1978-07-31,10.0,2.0,22.58064516129032,7.404285714285714,53.910000000000004,1.7390322580645163,7.404285714285714,1978,Jul
1978-08-31,6.0,2.0,32.25806451612903,9.913,101.62,3.2780645161290325,9.913,1978,Aug
1978-09-30,4.0,2.0,26.666666666666668,4.8125,39.78,1.326,4.8125,1978,Sep
1978-10-31,6.0,2.0,32.25806451612903,9.028,93.52000000000001,3.0167741935483874,9.028,1978,Oct
1978-11-30,12.0,2.0,23.333333333333332,12.80285714285714,93.00999999999998,3.1003333333333325,12.80285714285714,1978,Nov
1978-12-31,3.0,3.0,51.61290322580645,6.828125,113.78999999999996,3.6706451612903215,6.828124999999999,1978,Dec
1979-01-31,4.0,3.0,48.38709677419355,10.007333333333333,154.70999999999998,4.990645161290322,10.007333333333333,1979,Jan
1979-02-28,12.0,2.0,28.57142857142857,4.45875,37.6,1.342857142857143,4.45875,1979,Feb
1979-03-31,14.0,3.0,29.03225806451613,6.626666666666667,63.20000000000001,2.038709677419355,6.626666666666668,1979,Mar
1979-04-30,9.0,3.0,40.0,10.403333333333334,127.70999999999998,4.257,10.403333333333334,1979,Apr
1979-05-31,7.0,7.0,45.16129032258064,6.441428571428571,92.21999999999998,2.9748387096774187,6.441428571428571,1979,May
1979-06-30,10.0,2.0,23.333333333333332,4.720000000000001,34.76,1.1586666666666665,4.720000000000001,1979,Jun
1979-07-31,8.0,2.0,29.03225806451613,4.415555555555556,41.22,1.3296774193548386,4.415555555555555,1979,Jul
1979-08-31,4.0,2.0,35.483870967741936,9.182727272727272,103.93999999999998,3.3529032258064513,9.182727272727274,1979,Aug
1979-09-30,12.0,1.0,13.793103448275861,12.372499999999999,51.46999999999999,1.7748275862068963,12.372499999999999,1979,Sep
1979-10-31,4.0,5.0,45.16129032258064,6.950714285714286,101.22999999999999,3.2654838709677416,6.950714285714286,1979,Oct
1979-11-30,7.0,4.0,43.333333333333336,5.596923076923077,77.31,2.577,5.596923076923077,1979,Nov
1979-12-31,5.0,5.0,32.25806451612903,6.582000000000001,72.31,2.3325806451612903,6.582000000000001,1979,Dec
1980-01-31,9.0,1.0,12.903225806451612,8.7,39.36000000000001,1.269677419354839,8.7,1980,Jan
1980-02-29,15.0,3.0,24.137931034482758,3.4499999999999997,28.419999999999998,0.98,3.4499999999999997,1980,Feb
1980-03-31,6.0,4.0,35.483870967741936,6.773636363636363,76.7,2.4741935483870967,6.773636363636363,1980,Mar
1980-04-30,9.0,2.0,33.33333333333333,10.816999999999998,111.42,3.714,10.816999999999998,1980,Apr
1980-05-31,11.0,2.0,19.35483870967742,7.765,49.519999999999996,1.5974193548387094,7.765,1980,May
1980-06-30,5.0,1.0,23.333333333333332,6.105714285714285,47.55,1.585,6.105714285714285,1980,Jun
1980-07-31,3.0,4.0,51.61290322580645,11.695625,189.79000000000005,6.122258064516131,11.695625000000001,1980,Jul
1980-08-31,9.0,2.0,32.25806451612903,6.843000000000001,70.36999999999999,2.2699999999999996,6.843000000000001,1980,Aug
1980-09-30,6.0,4.0,46.666666666666664,10.275000000000002,144.69,4.8229999999999995,10.275000000000002,1980,Sep
1980-10-31,5.0,3.0,35.483870967741936,6.340000000000001,72.92999999999999,2.3525806451612903,6.34,1980,Oct
1980-11-30,9.0,6.0,36.666666666666664,7.739090909090908,89.99,2.9996666666666667,7.73909090909091,1980,Nov
1980-12-31,4.0,5.0,48.38709677419355,6.344666666666665,98.10999999999997,3.164838709677418,6.344666666666666,1980,Dec
1981-01-31,7.0,3.0,32.25806451612903,2.922,33.290000000000006,1.0738709677419356,2.9219999999999997,1981,Jan
1981-02-28,7.0,2.0,39.285714285714285,10.740000000000002,123.96000000000002,4.427142857142858,10.740000000000002,1981,Feb
1981-03-31,6.0,3.0,35.483870967741936,3.8027272727272727,45.800000000000004,1.4774193548387098,3.8027272727272727,1981,Mar
1981-04-30,4.0,3.0,40.0,6.142500000000001,75.62,2.5206666666666666,6.142500000000001,1981,Apr
1981-05-31,5.0,4.0,38.70967741935484,7.5441666666666665,92.43,2.9816129032258067,7.5441666666666665,1981,May
1981-06-30,3.0,2.0,43.333333333333336,8.433846153846154,112.44,3.7479999999999998,8.433846153846154,1981,Jun
1981-07-31,5.0,2.0,32.25806451612903,8.812000000000001,89.16,2.8761290322580644,8.812000000000001,1981,Jul
1981-08-31,5.0,3.0,35.483870967741936,13.373636363636367,150.27000000000004,4.847419354838711,13.373636363636365,1981,Aug
1981-09-30,11.0,3.0,36.666666666666664,7.226363636363636,81.60999999999999,2.720333333333333,7.226363636363637,1981,Sep
1981-10-31,10.0,3.0,32.25806451612903,10.419999999999998,108.13999999999999,3.488387096774193,10.419999999999998,1981,Oct
1981-11-30,5.0,2.0,30.0,10.337777777777779,95.83999999999996,3.194666666666665,10.337777777777777,1981,Nov
1981-12-31,5.0,3.0,38.70967741935484,6.161666666666666,78.82000000000001,2.5425806451612907,6.161666666666666,1981,Dec
1982-01-31,6.0,4.0,38.70967741935484,7.2925,91.05000000000001,2.9370967741935488,7.2924999999999995,1982,Jan
1982-02-28,9.0,4.0,25.0,6.078571428571428,46.74,1.6692857142857143,6.078571428571428,1982,Feb
1982-03-31,7.0,4.0,45.16129032258064,7.962142857142857,112.94999999999999,3.6435483870967738,7.962142857142857,1982,Mar
1982-04-30,9.0,2.0,20.0,6.883333333333334,46.099999999999994,1.5366666666666664,6.883333333333334,1982,Apr
1982-05-31,7.0,2.0,19.35483870967742,2.5450000000000004,17.76,0.5729032258064517,2.5450000000000004,1982,May
1982-06-30,5.0,3.0,43.333333333333336,6.142307692307693,83.83,2.7943333333333333,6.142307692307693,1982,Jun
1982-07-31,5.0,2.0,29.03225806451613,7.181111111111111,66.85,2.1564516129032256,7.181111111111111,1982,Jul
1982-08-31,7.0,2.0,30.0,11.533333333333335,108.1,3.603333333333333,11.533333333333335,1982,Aug
1982-09-30,7.0,3.0,30.0,10.673333333333334,98.28,3.2760000000000002,10.673333333333334,1982,Sep
1982-10-31,11.0,2.0,19.35483870967742,4.3999999999999995,29.930000000000003,0.965483870967742,4.3999999999999995,1982,Oct
1982-11-30,8.0,4.0,40.0,9.396363636363638,109.75999999999998,3.658666666666666,8.696666666666667,1982,Nov
1982-12-31,4.0,4.0,48.38709677419355,5.095333333333333,79.83,2.5751612903225807,5.095333333333333,1982,Dec
1983-01-31,5.0,3.0,35.483870967741936,6.380909090909091,72.97999999999999,2.3541935483870966,6.380909090909091,1983,Jan
1983-02-28,6.0,3.0,32.142857142857146,8.581111111111111,79.16999999999999,2.8274999999999997,8.581111111111111,1983,Feb
1983-03-31,7.0,4.0,32.25806451612903,6.0600000000000005,63.980000000000004,2.0638709677419356,6.0600000000000005,1983,Mar
1983-04-30,3.0,3.0,46.666666666666664,11.262142857142859,162.59,5.419666666666667,11.262142857142859,1983,Apr
1983-05-31,4.0,4.0,48.38709677419355,9.366666666666667,143.04,4.614193548387097,9.366666666666667,1983,May
1983-06-30,6.0,3.0,33.33333333333333,4.048,42.839999999999996,1.428,4.048,1983,Jun
1983-07-31,4.0,3.0,35.483870967741936,6.177272727272726,72.05999999999999,2.324516129032258,6.177272727272726,1983,Jul
1983-08-31,9.0,2.0,19.35483870967742,5.606666666666666,36.779999999999994,1.1864516129032256,5.606666666666666,1983,Aug
1983-09-30,8.0,3.0,20.0,13.000000000000002,80.52,2.6839999999999997,13.000000000000002,1983,Sep
1983-10-31,8.0,3.0,25.806451612903224,10.7525,89.64999999999999,2.8919354838709674,10.7525,1983,Oct
1983-11-30,4.0,4.0,50.0,14.125333333333332,213.64999999999998,7.121666666666666,14.125333333333332,1983,Nov
1983-12-31,3.0,3.0,45.16129032258064,12.936428571428573,185.48000000000008,5.983225806451616,12.936428571428573,1983,Dec
1984-01-31,4.0,3.0,45.16129032258064,3.237142857142857,49.71000000000001,1.6035483870967744,3.237142857142857,1984,Jan
1984-02-29,5.0,2.0,34.48275862068966,7.971000000000001,82.83000000000001,2.8562068965517247,7.971000000000001,1984,Feb
1984-03-31,9.0,2.0,29.03225806451613,4.771111111111111,45.2,1.4580645161290324,4.771111111111112,1984,Mar
1984-04-30,6.0,4.0,33.33333333333333,7.868,81.07000000000001,2.7023333333333337,7.868,1984,Apr
1984-05-31,7.0,2.0,35.483870967741936,10.954545454545453,124.81000000000002,4.026129032258065,10.954545454545453,1984,May
1984-06-30,15.0,2.0,13.793103448275861,11.555,50.04999999999999,1.7258620689655169,11.555,1984,Jun
1984-07-31,7.0,2.0,19.35483870967742,10.01,64.74,2.0883870967741935,10.01,1984,Jul
1984-08-31,5.0,2.0,32.25806451612903,11.575999999999999,117.3,3.7838709677419353,11.575999999999999,1984,Aug
1984-09-30,9.0,2.0,20.0,4.723333333333334,32.49999999999999,1.083333333333333,4.723333333333334,1984,Sep
1984-10-31,10.0,3.0,22.58064516129032,7.127142857142857,52.08,1.68,7.127142857142857,1984,Oct
1984-11-30,5.0,4.0,36.666666666666664,8.223636363636365,94.62999999999997,3.1543333333333323,8.223636363636361,1984,Nov
1984-12-31,3.0,5.0,51.61290322580645,7.64375,126.24999999999999,4.07258064516129,7.643749999999999,1984,Dec
1985-01-31,5.0,3.0,41.935483870967744,4.980769230769232,68.09000000000002,2.1964516129032265,4.980769230769231,1985,Jan
1985-02-28,4.0,3.0,46.42857142857143,5.866153846153848,79.75000000000001,2.848214285714286,5.866153846153848,1985,Feb
1985-03-31,9.0,2.0,32.25806451612903,11.524000000000001,117.83999999999997,3.8012903225806443,11.524000000000001,1985,Mar
1985-04-30,7.0,3.0,36.666666666666664,5.683636363636364,66.39,2.213,5.683636363636364,1985,Apr
1985-05-31,5.0,4.0,32.25806451612903,4.191,46.28,1.4929032258064516,4.191,1985,May
1985-06-30,4.0,4.0,43.333333333333336,7.571538461538462,100.00999999999999,3.3336666666666663,7.571538461538462,1985,Jun
1985-07-31,10.0,2.0,32.25806451612903,6.946,71.03999999999999,2.2916129032258064,6.946,1985,Jul
1985-08-31,7.0,3.0,22.58064516129032,11.425714285714287,82.24000000000001,2.652903225806452,11.425714285714287,1985,Aug
1985-09-30,13.0,4.0,26.666666666666668,9.19625,74.77,2.4923333333333333,9.19625,1985,Sep
1985-10-31,6.0,2.0,41.935483870967744,6.762307692307692,89.55,2.888709677419355,6.762307692307692,1985,Oct
1985-11-30,6.0,6.0,46.666666666666664,5.6957142857142875,81.77999999999999,2.7259999999999995,5.695714285714287,1985,Nov
1985-12-31,4.0,5.0,54.83870967741935,5.000000000000001,89.61000000000001,2.890645161290323,5.000000000000001,1985,Dec
1986-01-31,6.0,4.0,41.935483870967744,9.582307692307692,130.05,4.195161290322581,9.582307692307692,1986,Jan
1986-02-28,6.0,2.0,35.714285714285715,5.09,54.78,1.9564285714285714,5.09,1986,Feb
1986-03-31,6.0,4.0,38.70967741935484,6.02,76.70999999999998,2.4745161290322573,6.02,1986,Mar
1986-04-30,9.0,4.0,26.666666666666668,6.348749999999999,52.81,1.7603333333333333,6.34875,1986,Apr
1986-05-31,7.0,6.0,48.38709677419355,5.652666666666667,86.83,2.8009677419354837,5.652666666666667,1986,May
1986-06-30,6.0,3.0,36.666666666666664,10.850909090909092,120.89999999999999,4.029999999999999,10.850909090909092,1986,Jun
1986-07-31,8.0,2.0,19.35483870967742,16.01,99.1,3.196774193548387,16.01,1986,Jul
1986-08-31,5.0,5.0,45.16129032258064,9.691428571428572,137.12,4.4232258064516135,9.691428571428572,1986,Aug
1986-09-30,6.0,3.0,26.666666666666668,14.89625,122.82999999999998,4.094333333333333,14.896249999999998,1986,Sep
1986-10-31,11.0,5.0,41.935483870967744,4.524615384615385,61.01,1.9680645161290322,4.524615384615385,1986,Oct
1986-11-30,4.0,2.0,43.333333333333336,6.281538461538462,86.82000000000001,2.894,6.281538461538462,1986,Nov
1986-12-31,8.0,2.0,22.58064516129032,14.934285714285712,110.18999999999993,3.5545161290322556,14.934285714285712,1986,Dec
1987-01-31,6.0,3.0,29.03225806451613,9.60666666666667,91.25999999999999,2.943870967741935,9.606666666666667,1987,Jan
1987-02-28,16.0,4.0,25.0,6.6257142857142854,48.32,1.7257142857142858,6.6257142857142854,1987,Feb
1987-03-31,12.0,3.0,32.25806451612903,5.715999999999999,57.78999999999999,1.8641935483870966,5.715999999999999,1987,Mar
1987-04-30,15.0,4.0,30.0,4.295555555555556,40.620000000000005,1.354,4.295555555555556,1987,Apr
1987-05-31,6.0,2.0,32.25806451612903,5.559,60.18999999999999,1.941612903225806,5.559,1987,May
1987-06-30,9.0,4.0,34.48275862068966,6.945,71.83,2.476896551724138,6.945,1987,Jun
1987-07-31,8.0,1.0,20.0,12.645000000000001,77.97,2.5989999999999998,12.645000000000001,1987,Jul
1987-08-31,10.0,2.0,25.806451612903224,6.76125,57.559999999999995,1.856774193548387,6.76125,1987,Aug
1987-09-30,6.0,3.0,36.666666666666664,10.182727272727272,113.21,3.7736666666666663,10.182727272727274,1987,Sep
1987-10-31,11.0,3.0,29.03225806451613,6.524444444444445,61.559999999999995,1.985806451612903,6.524444444444445,1987,Oct
1987-11-30,7.0,3.0,33.33333333333333,12.628,130.67000000000002,4.355666666666667,12.628,1987,Nov
1987-12-31,8.0,2.0,22.58064516129032,9.031428571428572,68.48999999999998,2.2093548387096766,9.031428571428572,1987,Dec
1988-01-31,4.0,2.0,32.25806451612903,3.053,34.87000000000001,1.1248387096774197,3.053,1988,Jan
1988-02-29,6.0,3.0,55.172413793103445,6.210625,102.03999999999998,3.5186206896551715,6.210624999999999,1988,Feb
1988-03-31,10.0,2.0,19.35483870967742,5.406666666666666,37.06,1.195483870967742,5.406666666666666,1988,Mar
1988-04-30,9.0,4.0,43.333333333333336,6.2361538461538455,84.56,2.8186666666666667,6.2361538461538455,1988,Apr
1988-05-31,10.0,2.0,22.58064516129032,7.358571428571429,54.19,1.7480645161290322,7.358571428571429,1988,May
1988-06-30,21.0,3.0,16.666666666666664,14.414000000000001,75.81,2.527,14.414000000000001,1988,Jun
1988-07-31,9.0,1.0,19.35483870967742,5.368333333333333,35.29,1.1383870967741936,5.368333333333333,1988,Jul
1988-08-31,6.0,5.0,48.38709677419355,10.93,165.18999999999997,5.328709677419353,10.93,1988,Aug
1988-09-30,8.0,2.0,23.333333333333332,6.018571428571429,45.02,1.5006666666666668,6.018571428571429,1988,Sep
1988-10-31,3.0,3.0,41.935483870967744,7.443076923076924,99.66000000000001,3.21483870967742,7.443076923076924,1988,Oct
1988-11-30,6.0,4.0,34.48275862068966,6.586,68.74000000000001,2.3703448275862073,6.586,1988,Nov
1988-12-31,7.0,3.0,35.483870967741936,4.341818181818182,50.690000000000005,1.6351612903225807,4.341818181818183,1988,Dec
1989-01-31,5.0,4.0,35.483870967741936,7.467272727272728,85.50000000000001,2.758064516129033,7.467272727272729,1989,Jan
1989-02-28,6.0,2.0,28.57142857142857,4.50375,40.37,1.4417857142857142,4.50375,1989,Feb
1989-03-31,9.0,4.0,45.16129032258064,6.408571428571429,90.78000000000002,2.928387096774194,6.408571428571429,1989,Mar
1989-04-30,12.0,2.0,30.0,5.963333333333334,56.64,1.8880000000000001,5.963333333333335,1989,Apr
1989-05-31,7.0,4.0,48.38709677419355,5.775333333333333,88.21,2.8454838709677417,5.775333333333333,1989,May
1989-06-30,8.0,2.0,26.666666666666668,10.485,88.42000000000002,2.947333333333334,10.485,1989,Jun
1989-07-31,15.0,2.0,22.58064516129032,4.502857142857144,32.42,1.0458064516129033,4.502857142857144,1989,Jul
1989-08-31,10.0,3.0,32.25806451612903,11.902000000000001,125.16000000000003,4.03741935483871,11.902000000000001,1989,Aug
1989-09-30,12.0,3.0,23.333333333333332,8.234285714285715,60.900000000000006,2.0300000000000002,8.234285714285715,1989,Sep
1989-10-31,8.0,6.0,40.0,5.451666666666667,67.47,2.249,5.451666666666667,1989,Oct
1989-11-30,3.0,9.0,70.0,9.361904761904762,198.34000000000003,6.611333333333334,9.361904761904762,1989,Nov
1989-12-31,9.0,2.0,25.806451612903224,7.1525,61.93,1.997741935483871,7.152500000000001,1989,Dec
1990-01-31,3.0,5.0,58.06451612903226,5.6755555555555555,104.69,3.3770967741935483,5.6755555555555555,1990,Jan
1990-02-28,4.0,5.0,42.857142857142854,7.8325000000000005,96.14,3.4335714285714287,7.8325000000000005,1990,Feb
1990-03-31,11.0,2.0,25.806451612903224,5.93,51.339999999999996,1.6561290322580644,5.93,1990,Mar
1990-04-30,4.0,4.0,43.333333333333336,8.16,109.63000000000002,3.654333333333334,8.160000000000004,1990,Apr
1990-05-31,10.0,2.0,25.806451612903224,9.82125,83.83000000000001,2.704193548387097,9.821250000000001,1990,May
1990-06-30,5.0,3.0,43.333333333333336,5.451538461538462,74.09,2.469666666666667,5.451538461538461,1990,Jun
1990-07-31,7.0,2.0,35.483870967741936,12.298181818181815,137.07000000000002,4.421612903225808,12.298181818181815,1990,Jul
1990-08-31,8.0,3.0,29.03225806451613,9.516666666666666,87.55,2.824193548387097,9.516666666666666,1990,Aug
1990-09-30,7.0,2.0,23.333333333333332,11.262857142857143,84.50999999999999,2.8169999999999997,11.262857142857143,1990,Sep
1990-10-31,6.0,6.0,54.83870967741935,7.2,124.53999999999999,4.01741935483871,7.2,1990,Oct
1990-11-30,4.0,3.0,33.33333333333333,9.432,98.22000000000001,3.2740000000000005,9.431999999999999,1990,Nov
1990-12-31,8.0,4.0,41.935483870967744,12.573846153846155,166.18,5.360645161290323,12.573846153846155,1990,Dec
1991-01-31,4.0,7.0,51.61290322580645,6.448125,105.31999999999995,3.397419354838708,6.448124999999998,1991,Jan
1991-02-28,12.0,4.0,32.142857142857146,6.834444444444445,64.86999999999998,2.3167857142857136,6.834444444444443,1991,Feb
1991-03-31,10.0,7.0,41.935483870967744,7.938461538461539,104.95,3.385483870967742,7.938461538461539,1991,Mar
1991-04-30,6.0,4.0,40.0,10.484166666666667,128.01000000000002,4.267,10.484166666666667,1991,Apr
1991-05-31,9.0,2.0,29.03225806451613,10.33222222222222,95.08,3.067096774193548,10.33222222222222,1991,May
1991-06-30,11.0,2.0,16.666666666666664,7.19,38.09,1.2696666666666667,7.19,1991,Jun
1991-07-31,7.0,3.0,29.03225806451613,9.764444444444445,89.91999999999999,2.9006451612903223,9.764444444444443,1991,Jul
1991-08-31,7.0,2.0,35.483870967741936,10.368181818181819,116.41000000000003,3.7551612903225813,10.368181818181819,1991,Aug
1991-09-30,5.0,2.0,33.33333333333333,7.089000000000001,73.96,2.465333333333333,7.089,1991,Sep
1991-10-31,4.0,3.0,41.935483870967744,5.601538461538462,75.44,2.4335483870967742,5.601538461538462,1991,Oct
1991-11-30,10.0,2.0,26.666666666666668,4.0287500000000005,34.800000000000004,1.1600000000000001,4.0287500000000005,1991,Nov
1991-12-31,4.0,4.0,41.935483870967744,6.328461538461538,84.72,2.7329032258064516,6.328461538461538,1991,Dec
1992-01-31,5.0,3.0,38.70967741935484,8.683333333333332,108.88,3.512258064516129,8.683333333333332,1992,Jan
1992-02-29,3.0,3.0,48.275862068965516,8.494285714285715,121.12000000000002,4.176551724137932,8.494285714285715,1992,Feb
1992-03-31,8.0,3.0,32.25806451612903,8.009,82.75,2.6693548387096775,8.009,1992,Mar
1992-04-30,8.0,2.0,20.0,7.918333333333333,51.550000000000004,1.7183333333333335,7.918333333333333,1992,Apr
1992-05-31,7.0,2.0,25.806451612903224,7.17,59.749999999999986,1.9274193548387093,7.17,1992,May
1992-06-30,5.0,2.0,30.0,8.586666666666666,80.85,2.695,8.586666666666666,1992,Jun
1992-07-31,6.0,4.0,41.935483870967744,10.818461538461538,143.12,4.6167741935483875,10.81846153846154,1992,Jul
1992-08-31,16.0,2.0,25.806451612903224,8.7275,74.14,2.3916129032258064,8.7275,1992,Aug
1992-09-30,6.0,2.0,30.0,12.373333333333333,112.81000000000003,3.7603333333333344,12.373333333333335,1992,Sep
1992-10-31,8.0,2.0,25.806451612903224,10.1025,84.1,2.7129032258064516,10.1025,1992,Oct
1992-11-30,4.0,4.0,50.0,7.337333333333333,113.16999999999999,3.772333333333333,7.337333333333333,1992,Nov
1992-12-31,9.0,2.0,25.806451612903224,3.4425,32.82000000000001,1.0587096774193552,3.4425000000000003,1992,Dec
1993-01-31,4.0,4.0,54.83870967741935,7.877058823529412,136.14999999999998,4.391935483870967,7.877058823529412,1993,Jan
1993-02-28,5.0,3.0,35.714285714285715,8.411,87.70999999999998,3.1324999999999994,8.411000000000001,1993,Feb
1993-03-31,10.0,4.0,35.483870967741936,8.341818181818182,93.21999999999997,3.0070967741935473,8.341818181818182,1993,Mar
1993-04-30,6.0,5.0,46.666666666666664,12.021428571428574,170.61000000000004,5.687000000000001,12.021428571428574,1993,Apr
1993-05-31,5.0,3.0,32.25806451612903,8.771,92.51,2.984193548387097,8.771,1993,May
1993-06-30,8.0,5.0,36.666666666666664,8.57090909090909,98.13000000000001,3.2710000000000004,8.57090909090909,1993,Jun
1993-07-31,7.0,3.0,29.03225806451613,10.197777777777778,94.33999999999999,3.0432258064516127,10.197777777777778,1993,Jul
1993-08-31,5.0,2.0,35.483870967741936,4.044545454545454,46.78,1.5090322580645161,4.044545454545455,1993,Aug
1993-09-30,7.0,3.0,33.33333333333333,12.597,127.41000000000001,4.247000000000001,12.597000000000003,1993,Sep
1993-10-31,5.0,4.0,45.16129032258064,9.086428571428572,128.74,4.152903225806452,9.086428571428572,1993,Oct
1993-11-30,7.0,3.0,33.33333333333333,10.450999999999999,109.97999999999998,3.665999999999999,10.450999999999999,1993,Nov
1993-12-31,10.0,4.0,35.483870967741936,7.241818181818181,83.44999999999996,2.6919354838709664,7.24181818181818,1993,Dec
1994-01-31,5.0,2.0,35.483870967741936,9.894545454545455,113.82000000000002,3.671612903225807,9.894545454545455,1994,Jan
1994-02-28,5.0,3.0,32.142857142857146,10.047777777777776,93.85999999999999,3.3521428571428564,10.047777777777776,1994,Feb
1994-03-31,4.0,2.0,38.70967741935484,6.6225,82.4,2.6580645161290324,6.622499999999999,1994,Mar
1994-04-30,8.0,3.0,36.666666666666664,9.835454545454546,111.82999999999997,3.7276666666666656,9.835454545454546,1994,Apr
1994-05-31,6.0,4.0,41.935483870967744,7.89923076923077,106.09,3.422258064516129,7.899230769230769,1994,May
1994-06-30,6.0,3.0,40.0,12.253333333333332,149.7,4.989999999999999,12.253333333333332,1994,Jun
1994-07-31,4.0,2.0,35.483870967741936,4.805454545454546,53.8,1.7354838709677418,4.805454545454546,1994,Jul
1994-08-31,9.0,2.0,29.03225806451613,9.494444444444445,89.51999999999998,2.8877419354838705,9.494444444444445,1994,Aug
1994-09-30,5.0,4.0,43.333333333333336,5.311538461538461,71.27,2.3756666666666666,5.311538461538461,1994,Sep
1994-10-31,8.0,3.0,19.35483870967742,3.3266666666666667,21.839999999999996,0.7045161290322579,3.3266666666666667,1994,Oct
1994-11-30,5.0,3.0,34.48275862068966,6.894999999999999,72.38,2.495862068965517,6.894999999999999,1994,Nov
1994-12-31,10.0,3.0,32.25806451612903,6.9990000000000006,72.51999999999998,2.339354838709677,6.999,1994,Dec
1995-01-31,7.0,4.0,51.61290322580645,9.119333333333335,140.67000000000002,4.537741935483871,8.611875000000001,1995,Jan
1995-02-28,5.0,3.0,42.857142857142854,6.206666666666666,77.31,2.761071428571429,6.206666666666666,1995,Feb
1995-03-31,9.0,5.0,38.70967741935484,4.515833333333334,56.790000000000006,1.831935483870968,4.515833333333334,1995,Mar
1995-04-30,7.0,2.0,26.666666666666668,8.872499999999999,74.86999999999999,2.4956666666666663,8.872499999999999,1995,Apr
1995-05-31,5.0,3.0,35.483870967741936,7.502727272727274,85.70000000000002,2.7645161290322586,7.502727272727273,1995,May
1995-06-30,19.0,1.0,6.896551724137931,3.7,8.84,0.30482758620689654,3.7,1995,Jun
1995-07-31,7.0,4.0,38.70967741935484,10.390833333333333,126.51999999999998,4.081290322580645,10.390833333333333,1995,Jul
1995-08-31,15.0,4.0,29.03225806451613,14.513333333333334,131.56,4.243870967741936,14.513333333333334,1995,Aug
1995-09-30,6.0,2.0,23.333333333333332,8.814285714285713,62.59999999999999,2.0866666666666664,8.814285714285713,1995,Sep
1995-10-31,8.0,3.0,27.586206896551722,5.7787500000000005,49.41,1.7037931034482758,5.77875,1995,Oct
1995-11-30,3.0,6.0,50.0,10.301333333333334,157.64000000000001,5.254666666666667,10.301333333333334,1995,Nov
1995-12-31,4.0,4.0,45.16129032258064,8.093571428571428,116.69999999999996,3.764516129032257,8.093571428571426,1995,Dec
1996-01-31,8.0,2.0,22.58064516129032,10.73,81.32999999999998,2.6235483870967737,10.73,1996,Jan
1996-02-29,6.0,3.0,37.93103448275862,6.993636363636364,78.89000000000001,2.7203448275862074,6.993636363636364,1996,Feb
1996-03-31,11.0,3.0,25.806451612903224,2.34875,22.550000000000004,0.7274193548387098,2.34875,1996,Mar
1996-04-30,5.0,8.0,63.33333333333333,9.916842105263159,190.75,6.358333333333333,9.916842105263159,1996,Apr
1996-05-31,9.0,3.0,22.58064516129032,13.20142857142857,98.00999999999999,3.161612903225806,13.20142857142857,1996,May
1996-06-30,8.0,5.0,46.666666666666664,4.785714285714286,70.22,2.3406666666666665,4.785714285714286,1996,Jun
1996-07-31,8.0,3.0,29.03225806451613,12.030000000000001,111.04999999999998,3.5822580645161284,12.029999999999998,1996,Jul
1996-08-31,13.0,2.0,16.129032258064516,4.414,24.590000000000003,0.793225806451613,4.414,1996,Aug
1996-09-30,8.0,5.0,43.333333333333336,9.160769230769231,119.39,3.9796666666666667,9.160769230769231,1996,Sep
1996-10-31,7.0,4.0,25.806451612903224,9.399999999999999,77.75999999999999,2.5083870967741935,9.399999999999999,1996,Oct
1996-11-30,8.0,3.0,20.689655172413794,12.526666666666666,80.77000000000001,2.785172413793104,12.526666666666666,1996,Nov
1996-12-31,5.0,4.0,51.61290322580645,6.351875,106.70000000000002,3.441935483870968,6.351875,1996,Dec
1997-01-31,3.0,5.0,54.83870967741935,8.607647058823531,149.09,4.809354838709678,8.607647058823531,1997,Jan
1997-02-28,4.0,4.0,57.14285714285714,8.120625,132.0,4.714285714285714,8.120624999999999,1997,Feb
1997-03-31,3.0,3.0,41.935483870967744,9.55923076923077,127.14999999999998,4.1016129032258055,9.559230769230771,1997,Mar
1997-04-30,8.0,2.0,26.666666666666668,13.858571428571429,99.12,3.3040000000000003,12.25125,1997,Apr
1997-05-31,13.0,2.0,25.806451612903224,9.501249999999999,80.40999999999998,2.593870967741935,9.50125,1997,May
1997-06-30,15.0,3.0,17.24137931034483,7.678,39.669999999999995,1.3679310344827584,7.678,1997,Jun
1997-07-31,11.0,3.0,32.25806451612903,13.9,140.19999999999996,4.522580645161289,13.9,1997,Jul
1997-08-31,8.0,3.0,32.25806451612903,10.881,110.09,3.551290322580645,10.881,1997,Aug
1997-09-30,5.0,2.0,33.33333333333333,9.412,95.96,3.1986666666666665,9.412,1997,Sep
1997-10-31,7.0,4.0,29.03225806451613,5.325555555555556,51.82,1.6716129032258065,5.325555555555556,1997,Oct
1997-11-30,4.0,4.0,56.666666666666664,6.07764705882353,105.19999999999999,3.5066666666666664,6.07764705882353,1997,Nov
1997-12-31,8.0,2.0,29.03225806451613,7.7811111111111115,72.4,2.335483870967742,7.7811111111111115,1997,Dec
1998-01-31,6.0,5.0,38.70967741935484,10.754166666666665,132.35,4.269354838709678,10.754166666666665,1998,Jan
1998-02-28,11.0,2.0,21.428571428571427,8.888333333333334,54.050000000000004,1.930357142857143,8.888333333333334,1998,Feb
1998-03-31,3.0,5.0,51.61290322580645,9.055,147.69000000000005,4.764193548387099,9.055,1998,Mar
1998-04-30,12.0,3.0,23.333333333333332,5.187142857142857,38.059999999999995,1.2686666666666666,5.187142857142857,1998,Apr
1998-05-31,13.0,4.0,22.58064516129032,7.197142857142857,54.14000000000001,1.7464516129032261,7.197142857142857,1998,May
1998-06-30,9.0,6.0,33.33333333333333,7.525,79.61,2.6536666666666666,7.525,1998,Jun
1998-07-31,5.0,4.0,40.0,7.695,93.57999999999998,3.1193333333333326,7.694999999999999,1998,Jul
1998-08-31,9.0,2.0,19.35483870967742,15.514999999999999,96.85000000000001,3.124193548387097,15.514999999999999,1998,Aug
1998-09-30,6.0,3.0,40.0,5.3149999999999995,65.65999999999998,2.188666666666666,5.3149999999999995,1998,Sep
1998-10-31,13.0,2.0,22.58064516129032,9.018571428571429,65.64999999999999,2.117741935483871,9.018571428571429,1998,Oct
1998-11-30,9.0,3.0,30.0,4.109999999999999,41.25999999999999,1.375333333333333,4.109999999999999,1998,Nov
1998-12-31,11.0,3.0,29.03225806451613,6.336666666666668,61.21,1.9745161290322581,6.336666666666667,1998,Dec
1999-01-31,7.0,5.0,54.83870967741935,9.105882352941178,158.26000000000002,5.105161290322581,9.105882352941176,1999,Jan
1999-02-28,10.0,1.0,25.0,5.865714285714286,43.94000000000001,1.5692857142857146,5.865714285714286,1999,Feb
1999-03-31,9.0,4.0,35.483870967741936,7.751818181818181,87.78999999999999,2.8319354838709674,7.751818181818181,1999,Mar
1999-04-30,13.0,3.0,20.0,3.36,22.000000000000004,0.7333333333333335,3.36,1999,Apr
1999-05-31,9.0,4.0,22.58064516129032,6.54142857142857,47.03,1.5170967741935484,6.54142857142857,1999,May
1999-06-30,12.0,3.0,26.666666666666668,11.286249999999999,93.07,3.102333333333333,11.286249999999999,1999,Jun
1999-07-31,6.0,6.0,38.70967741935484,6.2925,78.63000000000001,2.536451612903226,6.2925,1999,Jul
1999-08-31,14.0,2.0,19.35483870967742,11.435,69.25,2.2338709677419355,11.435,1999,Aug
1999-09-30,5.0,3.0,36.666666666666664,17.980000000000004,200.33999999999997,6.677999999999999,17.980000000000004,1999,Sep
1999-10-31,5.0,2.0,43.333333333333336,6.877692307692308,92.17999999999999,3.072666666666666,6.877692307692308,1999,Oct
1999-11-30,8.0,2.0,26.666666666666668,7.4575,63.879999999999995,2.1293333333333333,7.457499999999999,1999,Nov
1999-12-31,5.0,4.0,38.70967741935484,6.548333333333332,81.78999999999996,2.6383870967741925,6.548333333333332,1999,Dec
2000-01-31,4.0,2.0,32.25806451612903,10.344,107.88,3.48,10.344,2000,Jan
2000-02-29,10.0,3.0,27.586206896551722,11.645,98.42999999999998,3.394137931034482,11.644999999999998,2000,Feb
2000-03-31,8.0,3.0,38.70967741935484,6.376666666666666,79.53,2.565483870967742,6.376666666666666,2000,Mar
2000-04-30,8.0,5.0,36.666666666666664,11.306363636363635,127.85,4.261666666666667,11.306363636363637,2000,Apr
2000-05-31,5.0,6.0,41.935483870967744,10.486923076923075,137.87,4.4474193548387095,10.486923076923075,2000,May
2000-06-30,5.0,2.0,36.666666666666664,7.084545454545454,82.03,2.7343333333333333,7.084545454545454,2000,Jun
2000-07-31,5.0,2.0,35.483870967741936,4.302727272727273,50.82999999999999,1.6396774193548385,4.302727272727273,2000,Jul
2000-08-31,5.0,2.0,35.483870967741936,9.541818181818183,107.14,3.4561290322580644,9.541818181818181,2000,Aug
2000-09-30,7.0,2.0,23.333333333333332,9.382857142857143,69.44,2.3146666666666667,9.382857142857143,2000,Sep
2000-10-31,8.0,3.0,25.806451612903224,3.27875,29.820000000000004,0.9619354838709678,3.27875,2000,Oct
2000-11-30,5.0,3.0,36.666666666666664,6.127272727272728,71.00999999999999,2.3669999999999995,6.127272727272726,2000,Nov
2000-12-31,4.0,3.0,48.38709677419355,9.843333333333334,151.14,4.8754838709677415,9.843333333333334,2000,Dec
2001-01-31,6.0,3.0,38.70967741935484,5.091666666666667,66.45,2.143548387096774,5.091666666666667,2001,Jan
2001-02-28,3.0,2.0,39.285714285714285,7.847272727272728,90.80999999999999,3.243214285714285,7.847272727272728,2001,Feb
2001-03-31,8.0,2.0,29.03225806451613,13.068888888888889,120.6,3.890322580645161,13.068888888888889,2001,Mar
2001-04-30,17.0,1.0,13.333333333333334,3.64,16.92,0.5640000000000001,3.64,2001,Apr
2001-05-31,7.0,6.0,32.25806451612903,7.116999999999999,73.99,2.386774193548387,7.116999999999999,2001,May
2001-06-30,12.0,3.0,26.666666666666668,9.62875,80.44999999999999,2.681666666666666,9.62875,2001,Jun
2001-07-31,19.0,4.0,19.35483870967742,5.569999999999999,37.099999999999994,1.1967741935483869,5.569999999999999,2001,Jul
2001-08-31,16.0,1.0,12.903225806451612,16.0675,66.36999999999999,2.1409677419354836,16.0675,2001,Aug
2001-09-30,6.0,2.0,23.333333333333332,9.892857142857142,70.44999999999999,2.348333333333333,9.892857142857142,2001,Sep
2001-10-31,5.0,3.0,35.483870967741936,7.1036363636363635,82.54,2.6625806451612903,7.1036363636363635,2001,Oct
2001-11-30,5.0,2.0,33.33333333333333,8.487,90.82,3.027333333333333,8.487,2001,Nov
2001-12-31,5.0,4.0,51.61290322580645,4.703125,79.16999999999999,2.553870967741935,4.703125,2001,Dec
2002-01-31,6.0,2.0,35.483870967741936,4.278181818181818,51.93000000000001,1.6751612903225808,4.278181818181818,2002,Jan
2002-02-28,4.0,2.0,32.142857142857146,4.505555555555556,45.66000000000001,1.630714285714286,4.505555555555556,2002,Feb
2002-03-31,5.0,2.0,38.70967741935484,8.474166666666667,104.91,3.384193548387097,8.474166666666667,2002,Mar
2002-04-30,9.0,3.0,33.33333333333333,8.062000000000001,83.72999999999999,2.7909999999999995,8.062000000000001,2002,Apr
2002-05-31,9.0,3.0,35.483870967741936,11.759090909090908,134.04999999999998,4.324193548387096,11.759090909090908,2002,May
2002-06-30,5.0,4.0,40.0,9.097500000000002,111.60999999999999,3.720333333333333,9.097500000000002,2002,Jun
2002-07-31,5.0,3.0,35.483870967741936,5.183636363636364,57.959999999999994,1.8696774193548384,5.183636363636364,2002,Jul
2002-08-31,13.0,1.0,9.67741935483871,3.3599999999999994,14.240000000000002,0.45935483870967747,3.3599999999999994,2002,Aug
2002-09-30,7.0,2.0,23.333333333333332,9.455714285714285,68.03,2.2676666666666665,9.455714285714285,2002,Sep
2002-10-31,7.0,2.0,19.35483870967742,11.604999999999999,74.56,2.4051612903225807,11.604999999999999,2002,Oct
2002-11-30,3.0,3.0,56.666666666666664,7.238823529411764,126.36999999999999,4.212333333333333,7.238823529411764,2002,Nov
2002-12-31,7.0,2.0,22.58064516129032,5.24,40.220000000000006,1.2974193548387098,5.24,2002,Dec
2003-01-31,7.0,2.0,25.806451612903224,4.303750000000001,38.75000000000001,1.2500000000000002,4.30375,2003,Jan
2003-02-28,9.0,2.0,28.57142857142857,7.50625,63.169999999999995,2.2560714285714285,7.50625,2003,Feb
2003-03-31,5.0,4.0,45.16129032258064,7.4921428571428565,106.35,3.4306451612903226,7.4921428571428565,2003,Mar
2003-04-30,5.0,4.0,33.33333333333333,7.978,81.31,2.7103333333333333,7.978,2003,Apr
2003-05-31,7.0,3.0,41.935483870967744,8.682307692307692,115.09000000000002,3.712580645161291,8.682307692307692,2003,May
2003-06-30,14.0,2.0,23.333333333333332,10.111428571428574,73.3,2.4433333333333334,10.111428571428574,2003,Jun
2003-07-31,6.0,3.0,35.483870967741936,4.998181818181819,59.0,1.903225806451613,4.998181818181819,2003,Jul
2003-08-31,8.0,3.0,25.806451612903224,10.2025,83.71999999999998,2.700645161290322,10.202499999999999,2003,Aug
2003-09-30,14.0,2.0,33.33333333333333,10.738,109.17999999999999,3.639333333333333,10.738,2003,Sep
2003-10-31,10.0,2.0,29.03225806451613,17.72111111111111,163.21,5.264838709677419,17.72111111111111,2003,Oct
2003-11-30,5.0,4.0,43.333333333333336,10.724615384615383,140.95,4.698333333333333,10.724615384615383,2003,Nov
2003-12-31,5.0,3.0,43.333333333333336,10.013846153846153,133.67000000000002,4.4556666666666676,10.013846153846155,2003,Dec
2004-01-31,8.0,3.0,45.16129032258064,2.9607142857142854,43.75999999999999,1.4116129032258062,2.9607142857142854,2004,Jan
2004-02-29,11.0,2.0,24.137931034482758,7.221428571428571,52.949999999999996,1.8258620689655172,7.221428571428571,2004,Feb
2004-03-31,12.0,2.0,32.25806451612903,6.268,66.16000000000001,2.1341935483870973,6.268,2004,Mar
2004-04-30,7.0,5.0,46.666666666666664,5.2128571428571435,74.17,2.4723333333333333,5.2128571428571435,2004,Apr
2004-05-31,5.0,4.0,38.70967741935484,6.965833333333333,85.85,2.769354838709677,6.965833333333333,2004,May
2004-06-30,6.0,4.0,30.0,7.272222222222222,68.84,2.2946666666666666,7.272222222222222,2004,Jun
2004-07-31,7.0,4.0,45.16129032258064,10.27357142857143,144.47,4.660322580645161,10.27357142857143,2004,Jul
2004-08-31,7.0,3.0,38.70967741935484,7.766666666666667,93.84,3.0270967741935486,7.766666666666667,2004,Aug
2004-09-30,20.0,1.0,10.344827586206897,1.4933333333333334,6.359999999999999,0.21931034482758618,1.4933333333333334,2004,Sep
2004-10-31,13.0,3.0,22.58064516129032,5.348571428571428,38.08,1.2283870967741934,5.348571428571428,2004,Oct
2004-11-30,8.0,4.0,30.0,9.893333333333333,93.73,3.1243333333333334,9.893333333333333,2004,Nov
2004-12-31,3.0,2.0,48.38709677419355,9.362,145.12,4.6812903225806455,9.362,2004,Dec
2005-01-31,5.0,3.0,32.25806451612903,7.040000000000001,75.44,2.4335483870967742,7.040000000000001,2005,Jan
2005-02-28,7.0,3.0,28.57142857142857,6.709999999999999,56.14000000000001,2.0050000000000003,6.709999999999999,2005,Feb
2005-03-31,11.0,2.0,22.58064516129032,7.2385714285714275,53.459999999999994,1.724516129032258,7.2385714285714275,2005,Mar
2005-04-30,12.0,4.0,36.666666666666664,14.820909090909089,165.56999999999994,5.5189999999999975,14.820909090909089,2005,Apr
2005-05-31,8.0,3.0,32.25806451612903,4.435,46.81,1.51,4.435,2005,May
2005-06-30,13.0,4.0,20.0,21.721666666666664,134.10000000000002,4.470000000000001,21.721666666666664,2005,Jun
2005-07-31,7.0,3.0,23.333333333333332,9.107142857142858,65.32999999999998,2.177666666666666,9.107142857142858,2005,Jul
2005-08-31,6.0,3.0,30.0,6.841111111111111,64.35999999999999,2.145333333333333,6.841111111111112,2005,Aug
2005-09-30,7.0,3.0,30.0,12.78111111111111,117.46000000000001,3.9153333333333338,12.78111111111111,2005,Sep
2005-10-31,6.0,5.0,43.333333333333336,10.26923076923077,135.29000000000002,4.509666666666667,10.26923076923077,2005,Oct
2005-11-30,5.0,5.0,50.0,6.715333333333334,104.19,3.473,6.715333333333334,2005,Nov
2005-12-31,7.0,2.0,36.666666666666664,4.2290909090909095,51.620000000000005,1.7206666666666668,4.22909090909091,2005,Dec
2006-01-31,3.0,3.0,51.61290322580645,10.260625000000001,165.98000000000002,5.354193548387097,10.260625000000001,2006,Jan
2006-02-28,7.0,4.0,42.857142857142854,6.089166666666666,76.00999999999998,2.7146428571428562,6.089166666666666,2006,Feb
2006-03-31,18.0,2.0,19.35483870967742,4.846666666666667,34.33999999999999,1.1077419354838707,4.846666666666667,2006,Mar
2006-04-30,6.0,5.0,36.666666666666664,10.92,120.97,4.032333333333333,10.92,2006,Apr
2006-05-31,5.0,10.0,48.38709677419355,11.866666666666669,179.98000000000005,5.805806451612905,11.866666666666669,2006,May
2006-06-30,7.0,3.0,36.666666666666664,9.609090909090911,109.18,3.6393333333333335,9.609090909090911,2006,Jun
2006-07-31,4.0,5.0,51.61290322580645,8.738125,141.05,4.550000000000001,8.738125,2006,Jul
2006-08-31,5.0,4.0,32.25806451612903,15.74,160.29000000000002,5.170645161290323,15.739999999999998,2006,Aug
2006-09-30,5.0,3.0,33.33333333333333,6.681,70.22999999999999,2.3409999999999997,6.681,2006,Sep
2006-10-31,6.0,4.0,48.38709677419355,12.235333333333333,186.15000000000003,6.00483870967742,12.235333333333333,2006,Oct
2006-11-30,9.0,7.0,40.0,6.099166666666666,75.02,2.5006666666666666,6.099166666666666,2006,Nov
2006-12-31,3.0,3.0,41.935483870967744,9.334615384615386,125.67999999999999,4.054193548387096,9.334615384615383,2006,Dec
2007-01-31,7.0,4.0,35.483870967741936,8.175454545454544,95.39999999999996,3.0774193548387085,8.175454545454546,2007,Jan
2007-02-28,5.0,2.0,32.142857142857146,4.047777777777777,40.15,1.4339285714285714,4.047777777777776,2007,Feb
2007-03-31,5.0,4.0,38.70967741935484,8.023333333333333,99.99,3.2254838709677416,8.023333333333333,2007,Mar
2007-04-30,6.0,3.0,43.333333333333336,11.70923076923077,156.46,5.215333333333334,11.70923076923077,2007,Apr
2007-05-31,14.0,3.0,22.58064516129032,9.37142857142857,67.1,2.164516129032258,9.37142857142857,2007,May
2007-06-30,8.0,3.0,40.0,5.18,64.18000000000002,2.139333333333334,5.180000000000001,2007,Jun
2007-07-31,11.0,3.0,38.70967741935484,9.055833333333334,110.69000000000001,3.570645161290323,9.055833333333332,2007,Jul
2007-08-31,8.0,3.0,25.806451612903224,10.205,84.49999999999999,2.7258064516129026,10.205,2007,Aug
2007-09-30,10.0,3.0,26.666666666666668,6.22625,51.01,1.7003333333333333,6.226249999999999,2007,Sep
2007-10-31,5.0,3.0,32.25806451612903,11.7,118.53999999999998,3.823870967741935,11.7,2007,Oct
2007-11-30,5.0,3.0,46.666666666666664,6.312857142857142,90.41999999999997,3.013999999999999,6.312857142857141,2007,Nov
2007-12-31,5.0,5.0,51.61290322580645,9.599374999999998,157.43999999999994,5.0787096774193525,9.599375,2007,Dec
2008-01-31,4.0,2.0,38.70967741935484,10.837499999999999,133.32999999999996,4.300967741935483,10.837499999999999,2008,Jan
2008-02-29,3.0,3.0,55.172413793103445,7.57375,123.96,4.27448275862069,7.57375,2008,Feb
2008-03-31,10.0,3.0,41.935483870967744,8.857692307692307,118.39999999999999,3.819354838709677,8.857692307692307,2008,Mar
2008-04-30,10.0,2.0,26.666666666666668,9.497499999999999,78.40999999999998,2.613666666666666,9.497499999999999,2008,Apr
2008-05-31,7.0,3.0,32.25806451612903,7.393000000000001,78.05000000000001,2.5177419354838713,7.393000000000001,2008,May
2008-06-30,7.0,3.0,43.333333333333336,4.69923076923077,65.52999999999999,2.184333333333333,4.69923076923077,2008,Jun
2008-07-31,4.0,5.0,48.38709677419355,8.196666666666667,124.19,4.006129032258064,8.196666666666667,2008,Jul
2008-08-31,6.0,2.0,25.806451612903224,9.925,81.68,2.6348387096774197,9.925,2008,Aug
2008-09-30,8.0,2.0,30.0,5.526666666666666,52.870000000000005,1.7623333333333335,5.526666666666667,2008,Sep
2008-10-31,6.0,2.0,25.806451612903224,13.095,108.09000000000002,3.4867741935483876,13.094999999999999,2008,Oct
2008-11-30,8.0,5.0,33.33333333333333,7.459999999999999,78.16000000000001,2.6053333333333337,7.460000000000001,2008,Nov
2008-12-31,2.0,3.0,54.83870967741935,11.200000000000001,192.83,6.220322580645162,11.200000000000001,2008,Dec
2009-01-31,4.0,3.0,38.70967741935484,7.608333333333333,95.81,3.0906451612903227,7.608333333333334,2009,Jan
2009-02-28,9.0,3.0,32.142857142857146,10.806666666666665,99.93999999999997,3.569285714285713,10.806666666666665,2009,Feb
2009-03-31,14.0,3.0,29.03225806451613,5.473333333333333,50.94,1.6432258064516128,5.473333333333333,2009,Mar
2009-04-30,10.0,5.0,40.0,6.480833333333334,78.37,2.6123333333333334,6.480833333333334,2009,Apr
2009-05-31,6.0,5.0,41.935483870967744,7.396923076923077,98.54000000000002,3.1787096774193553,7.396923076923079,2009,May
2009-06-30,8.0,2.0,30.0,8.337777777777779,79.17999999999999,2.639333333333333,8.337777777777777,2009,Jun
2009-07-31,5.0,4.0,41.935483870967744,9.076153846153847,123.83999999999999,3.994838709677419,9.076153846153847,2009,Jul
2009-08-31,8.0,2.0,29.03225806451613,9.197777777777777,84.96,2.740645161290322,9.197777777777778,2009,Aug
2009-09-30,17.0,3.0,20.0,7.578333333333333,47.65,1.5883333333333334,7.578333333333333,2009,Sep
2009-10-31,7.0,4.0,38.70967741935484,9.489999999999998,118.13,3.8106451612903225,9.489999999999998,2009,Oct
2009-11-30,10.0,4.0,26.666666666666668,7.29875,59.199999999999996,1.9733333333333332,7.29875,2009,Nov
2009-12-31,5.0,5.0,54.83870967741935,7.987058823529414,137.55,4.437096774193549,7.987058823529412,2009,Dec
2010-01-31,6.0,5.0,38.70967741935484,7.5025,94.47,3.0474193548387096,7.5025,2010,Jan
2010-02-28,14.0,5.0,35.714285714285715,6.331,66.7,2.382142857142857,6.331,2010,Feb
2010-03-31,13.0,2.0,16.129032258064516,12.937999999999999,67.64,2.181935483870968,12.937999999999999,2010,Mar
2010-04-30,8.0,4.0,33.33333333333333,10.019,101.77,3.392333333333333,10.019000000000002,2010,Apr
2010-05-31,16.0,2.0,22.58064516129032,5.445714285714287,41.24999999999999,1.3306451612903223,5.445714285714287,2010,May
2010-06-30,3.0,3.0,53.333333333333336,10.064375,164.83,5.4943333333333335,10.064375,2010,Jun
2010-07-31,8.0,2.0,25.806451612903224,12.32,100.88000000000001,3.254193548387097,12.320000000000002,2010,Jul
2010-08-31,6.0,4.0,32.25806451612903,14.309999999999999,144.94000000000003,4.675483870967743,14.309999999999999,2010,Aug
2010-09-30,4.0,5.0,51.724137931034484,6.361333333333333,98.24999999999999,3.387931034482758,6.361333333333333,2010,Sep
2010-10-31,6.0,4.0,36.666666666666664,5.710909090909091,65.85,2.195,5.710909090909091,2010,Oct
2010-11-30,6.0,3.0,36.666666666666664,9.139090909090909,102.65,3.421666666666667,9.139090909090909,2010,Nov
2010-12-31,7.0,5.0,45.16129032258064,10.319285714285714,147.59,4.760967741935484,10.319285714285714,2010,Dec
